Local de votação;Seções 2026;Aptos 2026;Votos 2026;% aptos 2026;Seções 2022;Aptos 2022;Votos 2022;% aptos 2022;Variação de votos
"ESCOLA CLASSE 116 DE SANTA MARIA";15;5880;843;14,34;15;5880;927;15,77;-84
"CENTRO DE ENSINO MEDIO 417 DE SANTA MARIA";16;6068;548;9,03;16;6206;785;12,65;-237
"ESCOLA CLASSE 218 DE SANTA MARIA";14;5476;535;9,77;14;5137;719;14,00;-184
"CENTRO DE ENSINO FUNDAMENTAL 316 DE SANTA MARIA";17;5579;528;9,46;17;5861;735;12,54;-207
"CENTRO DE ENSINO FUNDAMENTAL 213 DE SANTA MARIA";15;5710;512;8,97;15;5798;680;11,73;-168
"ESCOLA CLASSE  215 DE SANTA MARIA";12;4408;433;9,82;12;4361;538;12,34;-105
"CENTRO DE ENSINO FUNDAMENTAL SANTOS DUMONT";18;6614;430;6,50;18;7065;600;8,49;-170
"CENTRO DE ENSINO MEDIO 404 DE SANTA MARIA";15;5761;349;6,06;15;5862;479;8,17;-130
"CENTRO DE ENSINO FUNDAMENTAL 308 DE SANTA MARIA";19;6324;315;4,98;18;7116;458;6,44;-143
"ESCOLA CLASSE 203";18;6021;294;4,88;18;6167;415;6,73;-121
"CENTRO DE ENSINO FUNDAMENTAL 403 DE SANTA MARIA";15;5291;292;5,52;15;5162;339;6,57;-47
"CENTRO EDUCACIONAL 310 DE SANTA MARIA";15;4599;285;6,20;15;5160;464;8,99;-179
"CENTRO DE ENSINO FUNDAMENTAL 418 DE SANTA MARIA";10;3134;281;8,97;15;5095;531;10,42;-250
"ESCOLA CLASSE 206 DE SANTA MARIA";17;5454;258;4,73;17;5009;350;6,99;-92
"CENTRO DE ENSINO FUNDAMENTAL 209 DE SANTA MARIA";12;4270;255;5,97;12;4632;362;7,82;-107
"CENTRO DE ENSINO FUNDAMENTAL 201 DE SANTA MARIA";13;4216;250;5,93;13;4402;293;6,66;-43
"ESCOLA CLASSE 01 - PORTO RICO";10;3352;242;7,22;9;3193;195;6,11;47
"CENTRO EDUCACIONAL 416 DE SANTA MARIA";10;3347;224;6,69;0;0;0;;224
"CENTRO DE ENSINO FUNDAMENTAL 103 DE SANTA MARIA";11;4189;134;3,20;10;3868;187;4,83;-53
"ESCOLA CLASSE 100 DE SANTA MARIA";12;2967;117;3,94;12;3102;160;5,16;-43
"COLÉGIO PALOMA";3;953;46;4,83;0;0;0;;46
"CENTRO DE ENSINO GESNER TEIXEIRA";6;1835;11;0,60;6;1918;15;0,78;-4
"UNIDADE DE INTERNAÇÃO DE SANTA MARIA - UISM";1;76;0;0,00;1;58;0;0,00;0
TOTAL;;;7182;;;;9232;;-2050
