Zona;Seção;Nº local;Local de votação;Eleitores aptos;Comparecimento;Votos;% dos aptos
4;242;1635;"ESCOLA CLASSE 100 DE SANTA MARIA";249;204;16;6,43
4;243;1139;"ESCOLA CLASSE 116 DE SANTA MARIA";391;313;55;14,07
4;244;1589;"CENTRO DE ENSINO FUNDAMENTAL 103 DE SANTA MARIA";377;274;11;2,92
4;245;1252;"ESCOLA CLASSE 206 DE SANTA MARIA";328;256;16;4,88
4;246;1589;"CENTRO DE ENSINO FUNDAMENTAL 103 DE SANTA MARIA";380;305;12;3,16
4;247;1139;"ESCOLA CLASSE 116 DE SANTA MARIA";391;289;46;11,76
4;248;1252;"ESCOLA CLASSE 206 DE SANTA MARIA";315;254;15;4,76
4;249;1589;"CENTRO DE ENSINO FUNDAMENTAL 103 DE SANTA MARIA";384;284;8;2,08
4;251;1252;"ESCOLA CLASSE 206 DE SANTA MARIA";322;248;19;5,90
4;253;1139;"ESCOLA CLASSE 116 DE SANTA MARIA";389;302;52;13,37
4;254;1589;"CENTRO DE ENSINO FUNDAMENTAL 103 DE SANTA MARIA";379;288;10;2,64
4;256;1589;"CENTRO DE ENSINO FUNDAMENTAL 103 DE SANTA MARIA";377;286;14;3,71
4;257;1252;"ESCOLA CLASSE 206 DE SANTA MARIA";320;246;17;5,31
4;262;1139;"ESCOLA CLASSE 116 DE SANTA MARIA";391;325;61;15,60
4;263;1139;"ESCOLA CLASSE 116 DE SANTA MARIA";389;317;71;18,25
4;264;1139;"ESCOLA CLASSE 116 DE SANTA MARIA";396;321;53;13,38
4;265;1635;"ESCOLA CLASSE 100 DE SANTA MARIA";245;193;2;0,82
4;266;1635;"ESCOLA CLASSE 100 DE SANTA MARIA";243;207;11;4,53
4;267;1635;"ESCOLA CLASSE 100 DE SANTA MARIA";247;198;11;4,45
4;268;1252;"ESCOLA CLASSE 206 DE SANTA MARIA";326;257;20;6,13
4;269;1252;"ESCOLA CLASSE 206 DE SANTA MARIA";325;248;15;4,62
4;270;1252;"ESCOLA CLASSE 206 DE SANTA MARIA";317;254;11;3,47
4;271;1252;"ESCOLA CLASSE 206 DE SANTA MARIA";323;257;13;4,02
4;275;1139;"ESCOLA CLASSE 116 DE SANTA MARIA";389;318;49;12,60
4;276;1635;"ESCOLA CLASSE 100 DE SANTA MARIA";250;201;9;3,60
4;280;1139;"ESCOLA CLASSE 116 DE SANTA MARIA";394;322;68;17,26
4;281;1252;"ESCOLA CLASSE 206 DE SANTA MARIA";320;249;22;6,88
4;282;1520;"ESCOLA CLASSE 218 DE SANTA MARIA";393;327;29;7,38
4;283;1163;"CENTRO DE ENSINO MEDIO 417 DE SANTA MARIA";382;304;34;8,90
4;284;1511;"CENTRO DE ENSINO FUNDAMENTAL 213 DE SANTA MARIA";382;298;29;7,59
4;285;1180;"CENTRO DE ENSINO FUNDAMENTAL 308 DE SANTA MARIA";349;277;22;6,30
4;286;1503;"CENTRO DE ENSINO MEDIO 404 DE SANTA MARIA";388;318;17;4,38
4;288;1635;"ESCOLA CLASSE 100 DE SANTA MARIA";248;197;7;2,82
4;289;1180;"CENTRO DE ENSINO FUNDAMENTAL 308 DE SANTA MARIA";337;257;18;5,34
4;290;1252;"ESCOLA CLASSE 206 DE SANTA MARIA";318;266;13;4,09
4;293;1503;"CENTRO DE ENSINO MEDIO 404 DE SANTA MARIA";384;307;24;6,25
4;294;1180;"CENTRO DE ENSINO FUNDAMENTAL 308 DE SANTA MARIA";337;270;18;5,34
4;302;1163;"CENTRO DE ENSINO MEDIO 417 DE SANTA MARIA";379;302;32;8,44
4;303;1511;"CENTRO DE ENSINO FUNDAMENTAL 213 DE SANTA MARIA";381;307;40;10,50
4;304;1520;"ESCOLA CLASSE 218 DE SANTA MARIA";390;316;41;10,51
4;305;1635;"ESCOLA CLASSE 100 DE SANTA MARIA";247;198;7;2,83
4;306;1180;"CENTRO DE ENSINO FUNDAMENTAL 308 DE SANTA MARIA";338;273;9;2,66
4;308;1252;"ESCOLA CLASSE 206 DE SANTA MARIA";318;256;16;5,03
4;309;1635;"ESCOLA CLASSE 100 DE SANTA MARIA";250;207;10;4,00
4;310;1503;"CENTRO DE ENSINO MEDIO 404 DE SANTA MARIA";382;293;16;4,19
4;311;1163;"CENTRO DE ENSINO MEDIO 417 DE SANTA MARIA";376;295;32;8,51
4;312;1520;"ESCOLA CLASSE 218 DE SANTA MARIA";390;318;38;9,74
4;313;1163;"CENTRO DE ENSINO MEDIO 417 DE SANTA MARIA";376;297;30;7,98
4;314;1511;"CENTRO DE ENSINO FUNDAMENTAL 213 DE SANTA MARIA";380;299;34;8,95
4;315;1180;"CENTRO DE ENSINO FUNDAMENTAL 308 DE SANTA MARIA";341;259;15;4,40
4;316;1180;"CENTRO DE ENSINO FUNDAMENTAL 308 DE SANTA MARIA";335;264;16;4,78
4;320;1139;"ESCOLA CLASSE 116 DE SANTA MARIA";394;315;64;16,24
4;321;1635;"ESCOLA CLASSE 100 DE SANTA MARIA";248;201;8;3,23
4;322;1635;"ESCOLA CLASSE 100 DE SANTA MARIA";247;199;15;6,07
4;323;1635;"ESCOLA CLASSE 100 DE SANTA MARIA";245;202;14;5,71
4;324;1520;"ESCOLA CLASSE 218 DE SANTA MARIA";386;316;30;7,77
4;325;1511;"CENTRO DE ENSINO FUNDAMENTAL 213 DE SANTA MARIA";384;300;31;8,07
4;326;1627;"CENTRO DE ENSINO FUNDAMENTAL 403 DE SANTA MARIA";351;297;18;5,13
4;327;1503;"CENTRO DE ENSINO MEDIO 404 DE SANTA MARIA";371;288;18;4,85
4;328;1252;"ESCOLA CLASSE 206 DE SANTA MARIA";324;258;14;4,32
4;333;1180;"CENTRO DE ENSINO FUNDAMENTAL 308 DE SANTA MARIA";331;261;28;8,46
4;334;1163;"CENTRO DE ENSINO MEDIO 417 DE SANTA MARIA";385;311;34;8,83
4;337;1503;"CENTRO DE ENSINO MEDIO 404 DE SANTA MARIA";389;320;13;3,34
4;339;1180;"CENTRO DE ENSINO FUNDAMENTAL 308 DE SANTA MARIA";339;274;20;5,90
4;340;1511;"CENTRO DE ENSINO FUNDAMENTAL 213 DE SANTA MARIA";371;291;30;8,09
4;341;1139;"ESCOLA CLASSE 116 DE SANTA MARIA";388;316;56;14,43
4;342;1520;"ESCOLA CLASSE 218 DE SANTA MARIA";387;316;40;10,34
4;343;1627;"CENTRO DE ENSINO FUNDAMENTAL 403 DE SANTA MARIA";355;285;22;6,20
4;344;1627;"CENTRO DE ENSINO FUNDAMENTAL 403 DE SANTA MARIA";352;277;17;4,83
4;346;1180;"CENTRO DE ENSINO FUNDAMENTAL 308 DE SANTA MARIA";327;273;24;7,34
4;347;1139;"ESCOLA CLASSE 116 DE SANTA MARIA";392;323;61;15,56
4;348;1163;"CENTRO DE ENSINO MEDIO 417 DE SANTA MARIA";383;300;36;9,40
4;351;1180;"CENTRO DE ENSINO FUNDAMENTAL 308 DE SANTA MARIA";334;262;13;3,89
4;352;1163;"CENTRO DE ENSINO MEDIO 417 DE SANTA MARIA";376;306;30;7,98
4;353;1627;"CENTRO DE ENSINO FUNDAMENTAL 403 DE SANTA MARIA";351;286;20;5,70
4;354;1252;"ESCOLA CLASSE 206 DE SANTA MARIA";315;244;10;3,17
4;355;1163;"CENTRO DE ENSINO MEDIO 417 DE SANTA MARIA";377;291;33;8,75
4;356;1139;"ESCOLA CLASSE 116 DE SANTA MARIA";392;324;57;14,54
4;358;1457;"CENTRO DE ENSINO FUNDAMENTAL SANTOS DUMONT";368;310;33;8,97
4;359;1627;"CENTRO DE ENSINO FUNDAMENTAL 403 DE SANTA MARIA";355;287;19;5,35
4;360;1139;"ESCOLA CLASSE 116 DE SANTA MARIA";395;319;48;12,15
4;361;1180;"CENTRO DE ENSINO FUNDAMENTAL 308 DE SANTA MARIA";324;256;12;3,70
4;362;1163;"CENTRO DE ENSINO MEDIO 417 DE SANTA MARIA";384;293;40;10,42
4;363;1627;"CENTRO DE ENSINO FUNDAMENTAL 403 DE SANTA MARIA";352;275;20;5,68
4;364;1180;"CENTRO DE ENSINO FUNDAMENTAL 308 DE SANTA MARIA";331;263;13;3,93
4;365;1163;"CENTRO DE ENSINO MEDIO 417 DE SANTA MARIA";375;293;38;10,13
4;366;1627;"CENTRO DE ENSINO FUNDAMENTAL 403 DE SANTA MARIA";355;287;23;6,48
4;368;1511;"CENTRO DE ENSINO FUNDAMENTAL 213 DE SANTA MARIA";373;291;22;5,90
4;370;1180;"CENTRO DE ENSINO FUNDAMENTAL 308 DE SANTA MARIA";325;249;14;4,31
4;371;1163;"CENTRO DE ENSINO MEDIO 417 DE SANTA MARIA";380;296;39;10,26
4;372;1627;"CENTRO DE ENSINO FUNDAMENTAL 403 DE SANTA MARIA";354;286;21;5,93
4;373;1163;"CENTRO DE ENSINO MEDIO 417 DE SANTA MARIA";377;309;42;11,14
4;374;1511;"CENTRO DE ENSINO FUNDAMENTAL 213 DE SANTA MARIA";390;301;37;9,49
4;377;1252;"ESCOLA CLASSE 206 DE SANTA MARIA";320;248;15;4,69
4;379;1180;"CENTRO DE ENSINO FUNDAMENTAL 308 DE SANTA MARIA";332;279;16;4,82
4;380;1457;"CENTRO DE ENSINO FUNDAMENTAL SANTOS DUMONT";359;284;22;6,13
4;382;1511;"CENTRO DE ENSINO FUNDAMENTAL 213 DE SANTA MARIA";383;294;39;10,18
4;383;1503;"CENTRO DE ENSINO MEDIO 404 DE SANTA MARIA";380;318;28;7,37
4;384;1490;"CENTRO DE ENSINO FUNDAMENTAL 201 DE SANTA MARIA";320;238;16;5,00
4;385;1520;"ESCOLA CLASSE 218 DE SANTA MARIA";394;323;31;7,87
4;389;1180;"CENTRO DE ENSINO FUNDAMENTAL 308 DE SANTA MARIA";343;280;23;6,71
4;390;1252;"ESCOLA CLASSE 206 DE SANTA MARIA";322;260;16;4,97
4;392;1589;"CENTRO DE ENSINO FUNDAMENTAL 103 DE SANTA MARIA";377;284;7;1,86
4;393;1554;"CENTRO DE ENSINO FUNDAMENTAL 209 DE SANTA MARIA";356;285;29;8,15
4;394;1562;"CENTRO DE ENSINO FUNDAMENTAL 316 DE SANTA MARIA";330;271;30;9,09
4;395;1570;"ESCOLA CLASSE  215 DE SANTA MARIA";364;305;40;10,99
4;396;1597;"CENTRO DE ENSINO GESNER TEIXEIRA";305;242;2;0,66
4;397;1490;"CENTRO DE ENSINO FUNDAMENTAL 201 DE SANTA MARIA";319;256;22;6,90
4;398;1503;"CENTRO DE ENSINO MEDIO 404 DE SANTA MARIA";390;309;24;6,15
4;399;1520;"ESCOLA CLASSE 218 DE SANTA MARIA";396;335;35;8,84
4;400;1554;"CENTRO DE ENSINO FUNDAMENTAL 209 DE SANTA MARIA";355;282;16;4,51
4;401;1554;"CENTRO DE ENSINO FUNDAMENTAL 209 DE SANTA MARIA";352;284;23;6,53
4;403;1490;"CENTRO DE ENSINO FUNDAMENTAL 201 DE SANTA MARIA";323;254;17;5,26
4;404;1562;"CENTRO DE ENSINO FUNDAMENTAL 316 DE SANTA MARIA";327;258;32;9,79
4;406;1511;"CENTRO DE ENSINO FUNDAMENTAL 213 DE SANTA MARIA";380;304;34;8,95
4;407;1457;"CENTRO DE ENSINO FUNDAMENTAL SANTOS DUMONT";367;305;32;8,72
4;408;1503;"CENTRO DE ENSINO MEDIO 404 DE SANTA MARIA";386;311;26;6,74
4;410;1520;"ESCOLA CLASSE 218 DE SANTA MARIA";384;312;45;11,72
4;412;1554;"CENTRO DE ENSINO FUNDAMENTAL 209 DE SANTA MARIA";355;281;17;4,79
4;413;1570;"ESCOLA CLASSE  215 DE SANTA MARIA";368;308;40;10,87
4;414;1562;"CENTRO DE ENSINO FUNDAMENTAL 316 DE SANTA MARIA";329;270;33;10,03
4;415;1490;"CENTRO DE ENSINO FUNDAMENTAL 201 DE SANTA MARIA";329;254;19;5,78
4;417;1503;"CENTRO DE ENSINO MEDIO 404 DE SANTA MARIA";384;322;27;7,03
4;418;1554;"CENTRO DE ENSINO FUNDAMENTAL 209 DE SANTA MARIA";351;246;14;3,99
4;420;1554;"CENTRO DE ENSINO FUNDAMENTAL 209 DE SANTA MARIA";356;285;26;7,30
4;421;1589;"CENTRO DE ENSINO FUNDAMENTAL 103 DE SANTA MARIA";386;309;17;4,40
4;422;1511;"CENTRO DE ENSINO FUNDAMENTAL 213 DE SANTA MARIA";383;310;42;10,97
4;423;1520;"ESCOLA CLASSE 218 DE SANTA MARIA";392;327;45;11,48
4;424;1562;"CENTRO DE ENSINO FUNDAMENTAL 316 DE SANTA MARIA";329;276;47;14,29
4;425;1457;"CENTRO DE ENSINO FUNDAMENTAL SANTOS DUMONT";369;314;22;5,96
4;427;1503;"CENTRO DE ENSINO MEDIO 404 DE SANTA MARIA";384;318;28;7,29
4;428;1570;"ESCOLA CLASSE  215 DE SANTA MARIA";368;299;48;13,04
4;429;1490;"CENTRO DE ENSINO FUNDAMENTAL 201 DE SANTA MARIA";323;258;17;5,26
4;430;1554;"CENTRO DE ENSINO FUNDAMENTAL 209 DE SANTA MARIA";363;295;26;7,16
4;432;1597;"CENTRO DE ENSINO GESNER TEIXEIRA";305;244;3;0,98
4;433;1562;"CENTRO DE ENSINO FUNDAMENTAL 316 DE SANTA MARIA";328;264;30;9,15
4;434;1554;"CENTRO DE ENSINO FUNDAMENTAL 209 DE SANTA MARIA";356;280;25;7,02
4;435;1520;"ESCOLA CLASSE 218 DE SANTA MARIA";392;316;45;11,48
4;436;1503;"CENTRO DE ENSINO MEDIO 404 DE SANTA MARIA";387;311;32;8,27
4;438;1490;"CENTRO DE ENSINO FUNDAMENTAL 201 DE SANTA MARIA";324;247;16;4,94
4;439;1554;"CENTRO DE ENSINO FUNDAMENTAL 209 DE SANTA MARIA";361;294;16;4,43
4;440;1457;"CENTRO DE ENSINO FUNDAMENTAL SANTOS DUMONT";365;302;23;6,30
4;441;1511;"CENTRO DE ENSINO FUNDAMENTAL 213 DE SANTA MARIA";380;292;37;9,74
4;442;1562;"CENTRO DE ENSINO FUNDAMENTAL 316 DE SANTA MARIA";325;269;29;8,92
4;443;1570;"ESCOLA CLASSE  215 DE SANTA MARIA";366;305;36;9,84
4;444;1503;"CENTRO DE ENSINO MEDIO 404 DE SANTA MARIA";380;309;27;7,11
4;446;1554;"CENTRO DE ENSINO FUNDAMENTAL 209 DE SANTA MARIA";355;288;23;6,48
4;447;1490;"CENTRO DE ENSINO FUNDAMENTAL 201 DE SANTA MARIA";321;253;16;4,98
4;448;1589;"CENTRO DE ENSINO FUNDAMENTAL 103 DE SANTA MARIA";372;279;12;3,23
4;449;1520;"ESCOLA CLASSE 218 DE SANTA MARIA";393;312;47;11,96
4;451;1554;"CENTRO DE ENSINO FUNDAMENTAL 209 DE SANTA MARIA";355;273;19;5,35
4;452;1562;"CENTRO DE ENSINO FUNDAMENTAL 316 DE SANTA MARIA";329;265;37;11,25
4;453;1503;"CENTRO DE ENSINO MEDIO 404 DE SANTA MARIA";384;316;32;8,33
4;454;1490;"CENTRO DE ENSINO FUNDAMENTAL 201 DE SANTA MARIA";327;252;31;9,48
4;455;1457;"CENTRO DE ENSINO FUNDAMENTAL SANTOS DUMONT";370;294;31;8,38
4;456;1570;"ESCOLA CLASSE  215 DE SANTA MARIA";371;306;44;11,86
4;457;1503;"CENTRO DE ENSINO MEDIO 404 DE SANTA MARIA";381;303;23;6,04
4;458;1562;"CENTRO DE ENSINO FUNDAMENTAL 316 DE SANTA MARIA";323;260;28;8,67
4;460;1490;"CENTRO DE ENSINO FUNDAMENTAL 201 DE SANTA MARIA";331;259;23;6,95
4;461;1520;"ESCOLA CLASSE 218 DE SANTA MARIA";391;312;40;10,23
4;462;1570;"ESCOLA CLASSE  215 DE SANTA MARIA";368;294;41;11,14
4;463;1490;"CENTRO DE ENSINO FUNDAMENTAL 201 DE SANTA MARIA";324;241;14;4,32
4;464;1457;"CENTRO DE ENSINO FUNDAMENTAL SANTOS DUMONT";355;288;20;5,63
4;465;1163;"CENTRO DE ENSINO MEDIO 417 DE SANTA MARIA";381;300;42;11,02
4;466;1562;"CENTRO DE ENSINO FUNDAMENTAL 316 DE SANTA MARIA";327;271;36;11,01
4;468;1490;"CENTRO DE ENSINO FUNDAMENTAL 201 DE SANTA MARIA";328;261;25;7,62
4;469;1597;"CENTRO DE ENSINO GESNER TEIXEIRA";308;248;3;0,97
4;471;1570;"ESCOLA CLASSE  215 DE SANTA MARIA";364;279;31;8,52
4;472;1619;"CENTRO DE ENSINO FUNDAMENTAL 418 DE SANTA MARIA";303;252;21;6,93
4;473;1627;"CENTRO DE ENSINO FUNDAMENTAL 403 DE SANTA MARIA";352;279;21;5,97
4;475;1490;"CENTRO DE ENSINO FUNDAMENTAL 201 DE SANTA MARIA";322;263;18;5,59
4;476;1180;"CENTRO DE ENSINO FUNDAMENTAL 308 DE SANTA MARIA";321;264;10;3,12
4;477;1570;"ESCOLA CLASSE  215 DE SANTA MARIA";368;294;26;7,07
4;478;1627;"CENTRO DE ENSINO FUNDAMENTAL 403 DE SANTA MARIA";354;303;13;3,67
4;479;1589;"CENTRO DE ENSINO FUNDAMENTAL 103 DE SANTA MARIA";383;293;15;3,92
4;481;1457;"CENTRO DE ENSINO FUNDAMENTAL SANTOS DUMONT";374;316;29;7,75
4;482;1619;"CENTRO DE ENSINO FUNDAMENTAL 418 DE SANTA MARIA";320;264;26;8,13
4;483;1627;"CENTRO DE ENSINO FUNDAMENTAL 403 DE SANTA MARIA";351;279;18;5,13
4;484;1635;"ESCOLA CLASSE 100 DE SANTA MARIA";248;208;7;2,82
4;485;1562;"CENTRO DE ENSINO FUNDAMENTAL 316 DE SANTA MARIA";331;263;35;10,57
4;487;1252;"ESCOLA CLASSE 206 DE SANTA MARIA";325;251;16;4,92
4;489;1627;"CENTRO DE ENSINO FUNDAMENTAL 403 DE SANTA MARIA";353;275;19;5,38
4;490;1619;"CENTRO DE ENSINO FUNDAMENTAL 418 DE SANTA MARIA";313;252;43;13,74
4;492;1457;"CENTRO DE ENSINO FUNDAMENTAL SANTOS DUMONT";367;298;19;5,18
4;493;1627;"CENTRO DE ENSINO FUNDAMENTAL 403 DE SANTA MARIA";347;281;22;6,34
4;494;1562;"CENTRO DE ENSINO FUNDAMENTAL 316 DE SANTA MARIA";325;262;30;9,23
4;497;1597;"CENTRO DE ENSINO GESNER TEIXEIRA";303;247;0;0,00
4;498;1180;"CENTRO DE ENSINO FUNDAMENTAL 308 DE SANTA MARIA";324;257;18;5,56
4;499;1252;"ESCOLA CLASSE 206 DE SANTA MARIA";316;242;10;3,16
4;500;1163;"CENTRO DE ENSINO MEDIO 417 DE SANTA MARIA";375;296;26;6,93
4;501;1627;"CENTRO DE ENSINO FUNDAMENTAL 403 DE SANTA MARIA";352;287;20;5,68
4;502;1619;"CENTRO DE ENSINO FUNDAMENTAL 418 DE SANTA MARIA";314;242;36;11,46
4;504;1651;"ESCOLA CLASSE 01 - PORTO RICO";336;264;28;8,33
4;505;1660;"CENTRO EDUCACIONAL 310 DE SANTA MARIA";301;237;19;6,31
4;506;1457;"CENTRO DE ENSINO FUNDAMENTAL SANTOS DUMONT";371;291;23;6,20
4;507;1562;"CENTRO DE ENSINO FUNDAMENTAL 316 DE SANTA MARIA";326;266;33;10,12
4;508;1660;"CENTRO EDUCACIONAL 310 DE SANTA MARIA";311;247;13;4,18
4;509;1619;"CENTRO DE ENSINO FUNDAMENTAL 418 DE SANTA MARIA";307;252;23;7,49
4;511;1589;"CENTRO DE ENSINO FUNDAMENTAL 103 DE SANTA MARIA";388;299;17;4,38
4;512;1660;"CENTRO EDUCACIONAL 310 DE SANTA MARIA";315;270;18;5,71
4;513;1651;"ESCOLA CLASSE 01 - PORTO RICO";335;274;28;8,36
4;514;1147;"ESCOLA CLASSE 203";339;272;14;4,13
4;515;1562;"CENTRO DE ENSINO FUNDAMENTAL 316 DE SANTA MARIA";334;276;23;6,89
4;516;1457;"CENTRO DE ENSINO FUNDAMENTAL SANTOS DUMONT";367;314;27;7,36
4;517;1660;"CENTRO EDUCACIONAL 310 DE SANTA MARIA";311;264;17;5,47
4;518;1619;"CENTRO DE ENSINO FUNDAMENTAL 418 DE SANTA MARIA";321;254;22;6,85
4;519;1147;"ESCOLA CLASSE 203";337;271;22;6,53
4;520;1511;"CENTRO DE ENSINO FUNDAMENTAL 213 DE SANTA MARIA";384;305;40;10,42
4;521;1139;"ESCOLA CLASSE 116 DE SANTA MARIA";394;327;46;11,68
4;522;1570;"ESCOLA CLASSE  215 DE SANTA MARIA";368;288;31;8,42
4;523;1520;"ESCOLA CLASSE 218 DE SANTA MARIA";398;317;31;7,79
4;524;1147;"ESCOLA CLASSE 203";339;285;21;6,19
4;525;1660;"CENTRO EDUCACIONAL 310 DE SANTA MARIA";298;256;34;11,41
4;526;1562;"CENTRO DE ENSINO FUNDAMENTAL 316 DE SANTA MARIA";328;255;31;9,45
4;527;1147;"ESCOLA CLASSE 203";338;279;14;4,14
4;528;1619;"CENTRO DE ENSINO FUNDAMENTAL 418 DE SANTA MARIA";314;260;40;12,74
4;529;1457;"CENTRO DE ENSINO FUNDAMENTAL SANTOS DUMONT";374;310;24;6,42
4;530;1651;"ESCOLA CLASSE 01 - PORTO RICO";340;271;16;4,71
4;531;1147;"ESCOLA CLASSE 203";335;280;21;6,27
4;532;1660;"CENTRO EDUCACIONAL 310 DE SANTA MARIA";318;264;20;6,29
4;533;1619;"CENTRO DE ENSINO FUNDAMENTAL 418 DE SANTA MARIA";307;241;23;7,49
4;534;1147;"ESCOLA CLASSE 203";332;263;18;5,42
4;535;1597;"CENTRO DE ENSINO GESNER TEIXEIRA";307;245;2;0,65
4;536;1511;"CENTRO DE ENSINO FUNDAMENTAL 213 DE SANTA MARIA";382;308;24;6,28
4;537;1660;"CENTRO EDUCACIONAL 310 DE SANTA MARIA";316;268;24;7,59
4;538;1562;"CENTRO DE ENSINO FUNDAMENTAL 316 DE SANTA MARIA";331;278;29;8,76
4;539;1147;"ESCOLA CLASSE 203";336;273;19;5,65
4;540;1619;"CENTRO DE ENSINO FUNDAMENTAL 418 DE SANTA MARIA";323;261;23;7,12
4;541;1651;"ESCOLA CLASSE 01 - PORTO RICO";341;274;30;8,80
4;542;1660;"CENTRO EDUCACIONAL 310 DE SANTA MARIA";313;258;17;5,43
4;543;1457;"CENTRO DE ENSINO FUNDAMENTAL SANTOS DUMONT";373;298;24;6,43
4;544;1147;"ESCOLA CLASSE 203";336;281;15;4,46
4;545;1619;"CENTRO DE ENSINO FUNDAMENTAL 418 DE SANTA MARIA";312;250;24;7,69
4;546;1147;"ESCOLA CLASSE 203";333;265;17;5,11
4;547;1660;"CENTRO EDUCACIONAL 310 DE SANTA MARIA";308;254;17;5,52
4;548;1511;"CENTRO DE ENSINO FUNDAMENTAL 213 DE SANTA MARIA";380;304;40;10,53
4;549;1147;"ESCOLA CLASSE 203";335;265;13;3,88
4;550;1457;"CENTRO DE ENSINO FUNDAMENTAL SANTOS DUMONT";381;302;15;3,94
4;551;1651;"ESCOLA CLASSE 01 - PORTO RICO";336;257;29;8,63
4;552;1562;"CENTRO DE ENSINO FUNDAMENTAL 316 DE SANTA MARIA";330;268;24;7,27
4;553;1686;"CENTRO EDUCACIONAL 416 DE SANTA MARIA";349;283;26;7,45
4;554;1660;"CENTRO EDUCACIONAL 310 DE SANTA MARIA";298;236;14;4,70
4;555;1570;"ESCOLA CLASSE  215 DE SANTA MARIA";368;286;30;8,15
4;556;1147;"ESCOLA CLASSE 203";337;278;25;7,42
4;557;1147;"ESCOLA CLASSE 203";335;279;16;4,78
4;558;1139;"ESCOLA CLASSE 116 DE SANTA MARIA";395;313;56;14,18
4;559;1180;"CENTRO DE ENSINO FUNDAMENTAL 308 DE SANTA MARIA";335;247;16;4,78
4;560;1686;"CENTRO EDUCACIONAL 416 DE SANTA MARIA";342;282;27;7,89
4;561;1660;"CENTRO EDUCACIONAL 310 DE SANTA MARIA";304;241;17;5,59
4;562;1457;"CENTRO DE ENSINO FUNDAMENTAL SANTOS DUMONT";366;294;23;6,28
4;563;1511;"CENTRO DE ENSINO FUNDAMENTAL 213 DE SANTA MARIA";377;296;33;8,75
4;564;1651;"ESCOLA CLASSE 01 - PORTO RICO";333;262;25;7,51
4;565;1147;"ESCOLA CLASSE 203";329;268;8;2,43
4;566;1686;"CENTRO EDUCACIONAL 416 DE SANTA MARIA";342;266;23;6,73
4;567;1660;"CENTRO EDUCACIONAL 310 DE SANTA MARIA";311;249;19;6,11
4;568;1147;"ESCOLA CLASSE 203";334;248;11;3,29
4;569;1562;"CENTRO DE ENSINO FUNDAMENTAL 316 DE SANTA MARIA";327;253;21;6,42
4;570;1147;"ESCOLA CLASSE 203";335;241;13;3,88
4;571;1686;"CENTRO EDUCACIONAL 416 DE SANTA MARIA";340;254;25;7,35
4;572;1651;"ESCOLA CLASSE 01 - PORTO RICO";331;233;17;5,14
4;573;1660;"CENTRO EDUCACIONAL 310 DE SANTA MARIA";310;246;24;7,74
4;574;1457;"CENTRO DE ENSINO FUNDAMENTAL SANTOS DUMONT";360;281;25;6,94
4;575;1597;"CENTRO DE ENSINO GESNER TEIXEIRA";307;234;1;0,33
4;576;1520;"ESCOLA CLASSE 218 DE SANTA MARIA";390;296;38;9,74
4;577;1147;"ESCOLA CLASSE 203";328;248;14;4,27
4;578;1660;"CENTRO EDUCACIONAL 310 DE SANTA MARIA";293;234;16;5,46
4;579;1147;"ESCOLA CLASSE 203";331;263;15;4,53
4;580;1686;"CENTRO EDUCACIONAL 416 DE SANTA MARIA";342;275;21;6,14
4;581;1570;"ESCOLA CLASSE  215 DE SANTA MARIA";367;289;35;9,54
4;582;1147;"ESCOLA CLASSE 203";332;263;18;5,42
4;584;1651;"ESCOLA CLASSE 01 - PORTO RICO";336;237;30;8,93
4;585;1651;"ESCOLA CLASSE 01 - PORTO RICO";334;252;24;7,19
4;586;1570;"ESCOLA CLASSE  215 DE SANTA MARIA";368;262;31;8,42
4;587;1503;"CENTRO DE ENSINO MEDIO 404 DE SANTA MARIA";391;293;14;3,58
4;588;1554;"CENTRO DE ENSINO FUNDAMENTAL 209 DE SANTA MARIA";355;243;21;5,92
4;589;1490;"CENTRO DE ENSINO FUNDAMENTAL 201 DE SANTA MARIA";325;232;16;4,92
4;590;1660;"CENTRO EDUCACIONAL 310 DE SANTA MARIA";292;207;16;5,48
4;591;1457;"CENTRO DE ENSINO FUNDAMENTAL SANTOS DUMONT";362;277;21;5,80
4;592;1627;"CENTRO DE ENSINO FUNDAMENTAL 403 DE SANTA MARIA";357;252;19;5,32
4;593;1678;"UNIDADE DE INTERNAÇÃO DE SANTA MARIA - UISM";76;71;0;0,00
4;594;1163;"CENTRO DE ENSINO MEDIO 417 DE SANTA MARIA";375;277;27;7,20
4;595;1163;"CENTRO DE ENSINO MEDIO 417 DE SANTA MARIA";387;319;33;8,53
4;596;1457;"CENTRO DE ENSINO FUNDAMENTAL SANTOS DUMONT";366;320;17;4,64
4;597;1651;"ESCOLA CLASSE 01 - PORTO RICO";330;220;15;4,55
4;598;1180;"CENTRO DE ENSINO FUNDAMENTAL 308 DE SANTA MARIA";321;225;10;3,12
4;599;1589;"CENTRO DE ENSINO FUNDAMENTAL 103 DE SANTA MARIA";386;271;11;2,85
4;600;1686;"CENTRO EDUCACIONAL 416 DE SANTA MARIA";339;231;22;6,49
4;601;1694;"COLÉGIO PALOMA";346;235;14;4,05
4;602;1686;"CENTRO EDUCACIONAL 416 DE SANTA MARIA";343;241;15;4,37
4;603;1694;"COLÉGIO PALOMA";333;265;18;5,41
4;604;1686;"CENTRO EDUCACIONAL 416 DE SANTA MARIA";346;275;28;8,09
4;605;1686;"CENTRO EDUCACIONAL 416 DE SANTA MARIA";347;307;20;5,76
4;606;1694;"COLÉGIO PALOMA";274;250;14;5,11
4;607;1686;"CENTRO EDUCACIONAL 416 DE SANTA MARIA";257;241;17;6,61
TOTAL;;;;101524;80822;7182;
