Município;Eleitores aptos;Votos válidos;Votos Omar Aziz (55);% válidos Omar Aziz;Votos Professora Maria do Carmo (22);% válidos Professora Maria do Carmo;Diferença (Omar Aziz − Professora Maria do Carmo);Mais votado entre os dois;1º colocado na unidade
"MANAUS";1474745;1127965;354664;31,44;371008;32,89;-16344;"Professora Maria do Carmo";"PROFESSORA MARIA DO CARMO/PL"
"MANACAPURU";81115;59748;28474;47,66;11102;18,58;17372;"Omar Aziz";"OMAR AZIZ/PSD"
"ITACOATIARA";76067;54572;27985;51,28;8876;16,26;19109;"Omar Aziz";"OMAR AZIZ/PSD"
"PARINTINS";73019;52663;31832;60,44;3986;7,57;27846;"Omar Aziz";"OMAR AZIZ/PSD"
"COARI";51475;35659;15931;44,68;6436;18,05;9495;"Omar Aziz";"OMAR AZIZ/PSD"
"TEFÉ";49826;37051;24175;65,25;5000;13,49;19175;"Omar Aziz";"OMAR AZIZ/PSD"
"IRANDUBA";45948;34986;12837;36,69;8544;24,42;4293;"Omar Aziz";"OMAR AZIZ/PSD"
"TABATINGA";40225;29169;17863;61,24;5026;17,23;12837;"Omar Aziz";"OMAR AZIZ/PSD"
"MAUÉS";38063;26741;10794;40,36;2215;8,28;8579;"Omar Aziz";"ROBERTO CIDADE/UNIÃO"
"HUMAITÁ";34906;25695;8212;31,96;8974;34,93;-762;"Professora Maria do Carmo";"PROFESSORA MARIA DO CARMO/PL"
"MANICORÉ";33788;25444;6827;26,83;4535;17,82;2292;"Omar Aziz";"ROBERTO CIDADE/UNIÃO"
"SÃO GABRIEL DA CACHOEIRA";32417;22768;14865;65,29;2732;12,00;12133;"Omar Aziz";"OMAR AZIZ/PSD"
"AUTAZES";32340;22470;5082;22,62;2402;10,69;2680;"Omar Aziz";"ROBERTO CIDADE/UNIÃO"
"LÁBREA";29346;21104;13531;64,12;3649;17,29;9882;"Omar Aziz";"OMAR AZIZ/PSD"
"PRESIDENTE FIGUEIREDO";28339;18986;7582;39,93;4815;25,36;2767;"Omar Aziz";"OMAR AZIZ/PSD"
"CAREIRO";27451;18526;8171;44,11;2963;15,99;5208;"Omar Aziz";"OMAR AZIZ/PSD"
"BORBA";24461;17846;6596;36,96;1958;10,97;4638;"Omar Aziz";"ROBERTO CIDADE/UNIÃO"
"BENJAMIN CONSTANT";24218;18693;10512;56,23;1898;10,15;8614;"Omar Aziz";"OMAR AZIZ/PSD"
"RIO PRETO DA EVA";23243;16253;8057;49,57;3513;21,61;4544;"Omar Aziz";"OMAR AZIZ/PSD"
"BOCA DO ACRE";23223;16417;8153;49,66;2638;16,07;5515;"Omar Aziz";"OMAR AZIZ/PSD"
"EIRUNEPÉ";22838;14242;7955;55,86;1808;12,69;6147;"Omar Aziz";"OMAR AZIZ/PSD"
"BARREIRINHA";22727;16923;10123;59,82;766;4,53;9357;"Omar Aziz";"OMAR AZIZ/PSD"
"SÃO PAULO DE OLIVENÇA";21421;16868;12329;73,09;1456;8,63;10873;"Omar Aziz";"OMAR AZIZ/PSD"
"CARAUARI";20927;13901;8674;62,40;1142;8,22;7532;"Omar Aziz";"OMAR AZIZ/PSD"
"NOVA OLINDA DO NORTE";19945;14704;4753;32,32;1384;9,41;3369;"Omar Aziz";"ROBERTO CIDADE/UNIÃO"
"SANTO ANTÔNIO DO IÇÁ";18469;14053;9545;67,92;1341;9,54;8204;"Omar Aziz";"OMAR AZIZ/PSD"
"CAREIRO DA VÁRZEA";18436;13254;6163;46,50;1498;11,30;4665;"Omar Aziz";"OMAR AZIZ/PSD"
"FONTE BOA";17120;12192;7343;60,23;1485;12,18;5858;"Omar Aziz";"OMAR AZIZ/PSD"
"CODAJÁS";17092;12420;5677;45,71;2519;20,28;3158;"Omar Aziz";"OMAR AZIZ/PSD"
"JUTAÍ";15903;10087;5704;56,55;1442;14,30;4262;"Omar Aziz";"OMAR AZIZ/PSD"
"NHAMUNDÁ";15833;11490;7958;69,26;496;4,32;7462;"Omar Aziz";"OMAR AZIZ/PSD"
"MANAQUIRI";15303;10812;4903;45,35;1580;14,61;3323;"Omar Aziz";"OMAR AZIZ/PSD"
"BERURI";15139;10879;7334;67,41;953;8,76;6381;"Omar Aziz";"OMAR AZIZ/PSD"
"TAPAUÁ";14621;10085;6859;68,01;1478;14,66;5381;"Omar Aziz";"OMAR AZIZ/PSD"
"URUCURITUBA";14200;10068;6315;62,72;880;8,74;5435;"Omar Aziz";"OMAR AZIZ/PSD"
"BOA VISTA DO RAMOS";13666;9953;5826;58,54;603;6,06;5223;"Omar Aziz";"OMAR AZIZ/PSD"
"NOVO AIRÃO";13332;9120;4483;49,16;1687;18,50;2796;"Omar Aziz";"OMAR AZIZ/PSD"
"NOVO ARIPUANÃ";13280;9261;4632;50,02;1071;11,56;3561;"Omar Aziz";"OMAR AZIZ/PSD"
"BARCELOS";12648;7438;2623;35,26;859;11,55;1764;"Omar Aziz";"ROBERTO CIDADE/UNIÃO"
"URUCARÁ";12646;8775;4802;54,72;1136;12,95;3666;"Omar Aziz";"OMAR AZIZ/PSD"
"ALVARÃES";12444;9250;6735;72,81;728;7,87;6007;"Omar Aziz";"OMAR AZIZ/PSD"
"GUAJARÁ";12171;8657;4100;47,36;810;9,36;3290;"Omar Aziz";"OMAR AZIZ/PSD"
"TONANTINS";11653;8812;5435;61,68;777;8,82;4658;"Omar Aziz";"OMAR AZIZ/PSD"
"IPIXUNA";11575;7825;6140;78,47;805;10,29;5335;"Omar Aziz";"OMAR AZIZ/PSD"
"PAUINI";11565;8120;3939;48,51;746;9,19;3193;"Omar Aziz";"OMAR AZIZ/PSD"
"APUÍ";11539;8012;2109;26,32;3457;43,15;-1348;"Professora Maria do Carmo";"PROFESSORA MARIA DO CARMO/PL"
"ANORI";11109;8244;4625;56,10;1235;14,98;3390;"Omar Aziz";"OMAR AZIZ/PSD"
"ENVIRA";10870;7226;3644;50,43;732;10,13;2912;"Omar Aziz";"OMAR AZIZ/PSD"
"CANUTAMA";10740;7433;4290;57,72;1292;17,38;2998;"Omar Aziz";"OMAR AZIZ/PSD"
"MARAÃ";9995;6602;3553;53,82;837;12,68;2716;"Omar Aziz";"OMAR AZIZ/PSD"
"UARINI";9798;7303;4497;61,58;669;9,16;3828;"Omar Aziz";"OMAR AZIZ/PSD"
"ITAPIRANGA";9689;7036;2831;40,24;1337;19,00;1494;"Omar Aziz";"OMAR AZIZ/PSD"
"SILVES";9656;6952;4264;61,33;776;11,16;3488;"Omar Aziz";"OMAR AZIZ/PSD"
"ATALAIA DO NORTE";9507;6522;4800;73,60;715;10,96;4085;"Omar Aziz";"OMAR AZIZ/PSD"
"CAAPIRANGA";9486;6620;3218;48,61;496;7,49;2722;"Omar Aziz";"OMAR AZIZ/PSD"
"SANTA ISABEL DO RIO NEGRO";9378;6061;2488;41,05;690;11,38;1798;"Omar Aziz";"OMAR AZIZ/PSD"
"ANAMÃ";9177;6442;3672;57,00;706;10,96;2966;"Omar Aziz";"OMAR AZIZ/PSD"
"SÃO SEBASTIÃO DO UATUMÃ";7748;5508;2040;37,04;1113;20,21;927;"Omar Aziz";"OMAR AZIZ/PSD"
"JURUÁ";7619;5257;3381;64,31;340;6,47;3041;"Omar Aziz";"OMAR AZIZ/PSD"
"AMATURÁ";7522;5984;3930;65,68;411;6,87;3519;"Omar Aziz";"OMAR AZIZ/PSD"
"ITAMARATI";7342;5129;3496;68,16;345;6,73;3151;"Omar Aziz";"OMAR AZIZ/PSD"
"JAPURÁ";5709;3709;2515;67,81;464;12,51;2051;"Omar Aziz";"OMAR AZIZ/PSD"
TOTAL DO ESTADO;2796053;2071985;841846;40,63;507335;24,49;334511;"Omar Aziz";"OMAR AZIZ/PSD"
