Zona;Eleitores aptos;Votos válidos;Votos Omar Aziz (55);% válidos Omar Aziz;Votos Professora Maria do Carmo (22);% válidos Professora Maria do Carmo;Diferença (Omar Aziz − Professora Maria do Carmo);Mais votado entre os dois;1º colocado na unidade;Abrangência (bairros)
1;98932;76681;26454;34,50;25180;32,84;1274;"Omar Aziz";"OMAR AZIZ/PSD";"Centro, Cachoeirinha, Nossa Senhora das Graças, Adrianópolis, Raiz, Praça 14 de Janeiro, São Geraldo, Nossa Senhora Aparecida, Presidente Vargas"
31;82438;63837;19494;30,54;18534;29,03;960;"Omar Aziz";"OMAR AZIZ/PSD";"Mauazinho, Educandos, Betânia, Crespo, São Lázaro, Morro da Liberdade, Colônia Oliveira Machado, Santa Luzia, Vila Buriti"
32;120436;94401;29309;31,05;28881;30,59;428;"Omar Aziz";"OMAR AZIZ/PSD";"Compensa, São Jorge, Santo Antônio, São Raimundo, Vila da Prata, Glória"
37;96747;75231;23930;31,81;23959;31,85;-29;"Professora Maria do Carmo";"PROFESSORA MARIA DO CARMO/PL";"Japiim, Petrópolis, São Francisco"
65;132592;99777;33945;34,02;34202;34,28;-257;"Professora Maria do Carmo";"PROFESSORA MARIA DO CARMO/PL";"Nova Cidade, Colônia Terra Nova, Monte das Oliveiras, Novo Israel"
68;94728;70391;21043;29,89;22073;31,36;-1030;"Professora Maria do Carmo";"PROFESSORA MARIA DO CARMO/PL";"Jorge Teixeira, Puraquequara, Zona Rural"
59;108970;83919;25047;29,85;26099;31,10;-1052;"Professora Maria do Carmo";"PROFESSORA MARIA DO CARMO/PL";"Coroado, Zumbi dos Palmares, Armando Mendes, Colônia Antônio Aleixo"
62;149603;113013;35624;31,52;37653;33,32;-2029;"Professora Maria do Carmo";"PROFESSORA MARIA DO CARMO/PL";"Tarumã, Santa Etelvina, Redenção, Lago Azul, Planalto, Paz, Zona Rural, Tarumã Açu"
63;134708;102726;30769;29,95;33019;32,14;-2250;"Professora Maria do Carmo";"PROFESSORA MARIA DO CARMO/PL";"São José Operário, Tancredo Neves, Gilberto Mestrinho"
2;93413;72018;23149;32,14;25658;35,63;-2509;"Professora Maria do Carmo";"PROFESSORA MARIA DO CARMO/PL";"Parque 10 de Novembro, Flores, Aleixo, Chapada"
70;115918;87336;26712;30,59;29431;33,70;-2719;"Professora Maria do Carmo";"PROFESSORA MARIA DO CARMO/PL";"Novo Aleixo, Cidade de Deus"
40;125866;97106;29953;30,85;33294;34,29;-3341;"Professora Maria do Carmo";"PROFESSORA MARIA DO CARMO/PL";"Alvorada, Dom Pedro, Lírio do Vale, Santo Agostinho, Nova Esperança, Zona Rural, Alvorada II"
58;120394;91529;29235;31,94;33025;36,08;-3790;"Professora Maria do Carmo";"PROFESSORA MARIA DO CARMO/PL";"Cidade Nova, Colônia Santo Antônio"
TOTAL MANAUS;1474745;1127965;354664;31,44;371008;32,89;-16344;"Professora Maria do Carmo";"PROFESSORA MARIA DO CARMO/PL";
