Zona administrativa;Bairro;Seções;Locais de votação;Eleitores aptos;Votos válidos;Votos Omar Aziz (55);% válidos Omar Aziz;Votos Professora Maria do Carmo (22);% válidos Professora Maria do Carmo;Diferença (Omar Aziz − Professora Maria do Carmo);Mais votado entre os dois
"Norte";"Cidade Nova";307;28;116854;88830;28474;32,05;32143;36,18;-3669;"Professora Maria do Carmo"
"Norte";"Novo Aleixo";200;24;75484;57338;17542;30,59;19689;34,34;-2147;"Professora Maria do Carmo"
"Norte";"Nova Cidade";151;13;55677;42165;13896;32,96;14281;33,87;-385;"Professora Maria do Carmo"
"Norte";"Cidade de Deus";110;19;40434;29998;9170;30,57;9742;32,48;-572;"Professora Maria do Carmo"
"Norte";"Colônia Terra Nova";86;11;31683;23671;8573;36,22;8295;35,04;278;"Omar Aziz"
"Norte";"Santa Etelvina";79;7;30069;22118;6910;31,24;7563;34,19;-653;"Professora Maria do Carmo"
"Norte";"Monte das Oliveiras";73;7;25762;19469;6533;33,56;6817;35,01;-284;"Professora Maria do Carmo"
"Norte";"Novo Israel";54;7;19470;14472;4943;34,16;4809;33,23;134;"Omar Aziz"
"Norte";"Lago Azul";45;3;17647;12780;4386;34,32;3923;30,70;463;"Omar Aziz"
"Norte";"Colônia Santo Antônio";9;1;3540;2699;761;28,20;882;32,68;-121;"Professora Maria do Carmo"
"Leste";"Jorge Teixeira";231;24;85574;63557;19172;30,17;20606;32,42;-1434;"Professora Maria do Carmo"
"Leste";"São José Operário";173;21;64629;49897;14992;30,05;16162;32,39;-1170;"Professora Maria do Carmo"
"Leste";"Coroado";117;13;43342;33755;10193;30,20;11313;33,52;-1120;"Professora Maria do Carmo"
"Leste";"Tancredo Neves";104;15;38837;29539;8460;28,64;9522;32,24;-1062;"Professora Maria do Carmo"
"Leste";"Gilberto Mestrinho";83;11;31242;23290;7317;31,42;7335;31,49;-18;"Professora Maria do Carmo"
"Leste";"Zumbi dos Palmares";80;8;30464;23288;7200;30,92;7063;30,33;137;"Omar Aziz"
"Leste";"Armando Mendes";58;7;21393;16507;4751;28,78;5438;32,94;-687;"Professora Maria do Carmo"
"Leste";"Mauazinho";45;6;17122;12964;4012;30,95;4014;30,96;-2;"Professora Maria do Carmo"
"Leste";"Colônia Antônio Aleixo";37;5;13771;10369;2903;28,00;2285;22,04;618;"Omar Aziz"
"Leste";"Puraquequara";17;4;5912;4353;1278;29,36;1128;25,91;150;"Omar Aziz"
"Oeste";"Compensa";157;20;60023;46688;14175;30,36;14239;30,50;-64;"Professora Maria do Carmo"
"Oeste";"Tarumã";88;9;34070;25599;7906;30,88;8567;33,47;-661;"Professora Maria do Carmo"
"Oeste";"São Jorge";58;7;19402;15269;4635;30,36;4905;32,12;-270;"Professora Maria do Carmo"
"Oeste";"Lírio do Vale";42;4;18003;13815;4099;29,67;4877;35,30;-778;"Professora Maria do Carmo"
"Oeste";"Santo Antônio";49;7;16617;13281;4165;31,36;4112;30,96;53;"Omar Aziz"
"Oeste";"Santo Agostinho";39;4;14989;11444;3496;30,55;4058;35,46;-562;"Professora Maria do Carmo"
"Oeste";"Nova Esperança";27;3;11189;8687;2532;29,15;3083;35,49;-551;"Professora Maria do Carmo"
"Oeste";"São Raimundo";26;3;9099;7143;2347;32,86;2105;29,47;242;"Omar Aziz"
"Oeste";"Vila da Prata";25;3;8854;6956;2127;30,58;2078;29,87;49;"Omar Aziz"
"Oeste";"Tarumã Açu";19;2;6918;5158;1689;32,75;1571;30,46;118;"Omar Aziz"
"Oeste";"Glória";19;3;6441;5064;1860;36,73;1442;28,48;418;"Omar Aziz"
"Centro-Oeste";"Alvorada";125;12;50727;39471;12248;31,03;13579;34,40;-1331;"Professora Maria do Carmo"
"Centro-Oeste";"Redenção";69;7;26327;20438;6109;29,89;6956;34,03;-847;"Professora Maria do Carmo"
"Centro-Oeste";"Dom Pedro";57;5;24470;18889;6150;32,56;6564;34,75;-414;"Professora Maria do Carmo"
"Centro-Oeste";"Planalto";39;3;15535;12267;3823;31,16;4432;36,13;-609;"Professora Maria do Carmo"
"Centro-Oeste";"Paz";30;3;11954;9356;2941;31,43;3324;35,53;-383;"Professora Maria do Carmo"
"Centro-Oeste";"Alvorada II";8;1;2706;2040;622;30,49;710;34,80;-88;"Professora Maria do Carmo"
"Centro-Oeste";"Alvorada I";1;1;23;16;2;12,50;7;43,75;-5;"Professora Maria do Carmo"
"Sul";"Japiim";117;16;44237;34496;10847;31,44;11368;32,95;-521;"Professora Maria do Carmo"
"Sul";"Petrópolis";100;13;38077;29454;9420;31,98;9175;31,15;245;"Omar Aziz"
"Sul";"Centro";98;13;30463;23188;8360;36,05;7582;32,70;778;"Omar Aziz"
"Sul";"Educandos";45;6;16190;12592;3973;31,55;3559;28,26;414;"Omar Aziz"
"Sul";"Cachoeirinha";48;5;15611;12040;4143;34,41;3725;30,94;418;"Omar Aziz"
"Sul";"São Francisco";40;8;14433;11281;3663;32,47;3416;30,28;247;"Omar Aziz"
"Sul";"Betânia";29;5;10461;8246;2483;30,11;2388;28,96;95;"Omar Aziz"
"Sul";"Crespo";30;6;10111;7897;2369;30,00;2365;29,95;4;"Omar Aziz"
"Sul";"São Lázaro";26;3;9348;7096;2056;28,97;2193;30,90;-137;"Professora Maria do Carmo"
"Sul";"Raiz";29;3;9092;7215;2291;31,75;2361;32,72;-70;"Professora Maria do Carmo"
"Sul";"Morro da Liberdade";25;5;8307;6494;1827;28,13;1482;22,82;345;"Omar Aziz"
"Sul";"Praça 14 de Janeiro";27;4;8130;6435;2237;34,76;2107;32,74;130;"Omar Aziz"
"Sul";"Colônia Oliveira Machado";17;3;5520;4426;1488;33,62;1404;31,72;84;"Omar Aziz"
"Sul";"Nossa Senhora Aparecida";16;3;4813;3713;1482;39,91;1108;29,84;374;"Omar Aziz"
"Sul";"Santa Luzia";14;3;4703;3761;1219;32,41;949;25,23;270;"Omar Aziz"
"Sul";"Presidente Vargas";14;3;4191;3419;1233;36,06;1036;30,30;197;"Omar Aziz"
"Sul";"Vila Buriti";2;1;676;361;67;18,56;180;49,86;-113;"Professora Maria do Carmo"
"Centro-Sul";"Parque 10 de Novembro";113;8;39863;30630;10010;32,68;10652;34,78;-642;"Professora Maria do Carmo"
"Centro-Sul";"Flores";84;6;28419;21893;6685;30,53;8354;38,16;-1669;"Professora Maria do Carmo"
"Centro-Sul";"Aleixo";54;6;19198;14944;4875;32,62;5144;34,42;-269;"Professora Maria do Carmo"
"Centro-Sul";"Nossa Senhora das Graças";37;5;11746;9173;3000;32,70;3171;34,57;-171;"Professora Maria do Carmo"
"Centro-Sul";"Adrianópolis";33;4;9899;7721;2448;31,71;2886;37,38;-438;"Professora Maria do Carmo"
"Centro-Sul";"Chapada";17;1;5933;4551;1579;34,70;1508;33,14;71;"Omar Aziz"
"Centro-Sul";"São Geraldo";16;2;4987;3777;1260;33,36;1204;31,88;56;"Omar Aziz"
"Rural";"Zona Rural";45;23;14084;10522;3257;30,95;2072;19,69;1185;"Omar Aziz"
TOTAL MANAUS;;4013;105;1474745;1127965;354664;31,44;371008;32,89;-16344;"Professora Maria do Carmo"
