Município;Votos 2026;Eleitores aptos 2026;% dos aptos 2026;Votos 2022;Eleitores aptos 2022;% dos aptos 2022;Variação de votos;Variação %
"MANAUS";48094;1474745;3,26;11323;1415731;0,80;36771;324,7
"COARI";17250;51475;33,51;12247;51518;23,77;5003;40,9
"ITACOATIARA";7667;76067;10,08;5097;71092;7,17;2570;50,4
"MANACAPURU";5309;81115;6,55;5193;72661;7,15;116;2,2
"TEFÉ";4926;49826;9,89;3775;41720;9,05;1151;30,5
"IRANDUBA";3914;45948;8,52;2973;36529;8,14;941;31,7
"PARINTINS";3317;73019;4,54;1090;72640;1,50;2227;204,3
"NHAMUNDÁ";3087;15833;19,50;1052;14308;7,35;2035;193,4
"PRESIDENTE FIGUEIREDO";2174;28339;7,67;1160;25230;4,60;1014;87,4
"SANTO ANTÔNIO DO IÇÁ";1938;18469;10,49;1453;16278;8,93;485;33,4
"MAUÉS";1874;38063;4,92;1233;36860;3,35;641;52,0
"URUCURITUBA";1672;14200;11,77;1223;13184;9,28;449;36,7
"CODAJÁS";1581;17092;9,25;1607;16463;9,76;-26;-1,6
"BOA VISTA DO RAMOS";1392;13666;10,19;636;12708;5,00;756;118,9
"SÃO GABRIEL DA CACHOEIRA";1350;32417;4,16;991;31974;3,10;359;36,2
"BARREIRINHA";1336;22727;5,88;1172;21076;5,56;164;14,0
"TABATINGA";1336;40225;3,32;2836;36877;7,69;-1500;-52,9
"BOCA DO ACRE";1335;23223;5,75;372;23007;1,62;963;258,9
"RIO PRETO DA EVA";1190;23243;5,12;1227;18139;6,76;-37;-3,0
"SÃO SEBASTIÃO DO UATUMÃ";1139;7748;14,70;1018;7352;13,85;121;11,9
"CAREIRO DA VÁRZEA";1091;18436;5,92;1275;16762;7,61;-184;-14,4
"TAPAUÁ";1089;14621;7,45;720;14016;5,14;369;51,2
"AUTAZES";963;32340;2,98;1239;28953;4,28;-276;-22,3
"ITAPIRANGA";941;9689;9,71;405;8345;4,85;536;132,3
"UARINI";939;9798;9,58;965;8897;10,85;-26;-2,7
"CARAUARI";925;20927;4,42;1433;21551;6,65;-508;-35,5
"PAUINI";917;11565;7,93;1079;11417;9,45;-162;-15,0
"HUMAITÁ";916;34906;2,62;1167;32834;3,55;-251;-21,5
"BERURI";909;15139;6,00;1133;13827;8,19;-224;-19,8
"MANICORÉ";881;33788;2,61;807;33167;2,43;74;9,2
"JUTAÍ";867;15903;5,45;1467;14312;10,25;-600;-40,9
"MANAQUIRI";861;15303;5,63;1071;14591;7,34;-210;-19,6
"BENJAMIN CONSTANT";808;24218;3,34;306;22241;1,38;502;164,1
"CANUTAMA";779;10740;7,25;740;10034;7,37;39;5,3
"FONTE BOA";659;17120;3,85;1535;16325;9,40;-876;-57,1
"URUCARÁ";640;12646;5,06;1250;12254;10,20;-610;-48,8
"ANAMÃ";630;9177;6,86;582;8653;6,73;48;8,2
"SILVES";578;9656;5,99;965;8334;11,58;-387;-40,1
"LÁBREA";555;29346;1,89;1078;27122;3,97;-523;-48,5
"IPIXUNA";546;11575;4,72;3;11954;0,03;543;18100,0
"CAREIRO";544;27451;1,98;1344;24216;5,55;-800;-59,5
"ITAMARATI";543;7342;7,40;5;7351;0,07;538;10760,0
"NOVO ARIPUANÃ";538;13280;4,05;491;13651;3,60;47;9,6
"NOVO AIRÃO";537;13332;4,03;539;11479;4,70;-2;-0,4
"APUÍ";480;11539;4,16;44;11692;0,38;436;990,9
"EIRUNEPÉ";474;22838;2,08;18;20056;0,09;456;2533,3
"ANORI";473;11109;4,26;1174;10812;10,86;-701;-59,7
"SÃO PAULO DE OLIVENÇA";472;21421;2,20;1479;18537;7,98;-1007;-68,1
"ALVARÃES";439;12444;3,53;825;11310;7,29;-386;-46,8
"CAAPIRANGA";429;9486;4,52;392;9622;4,07;37;9,4
"GUAJARÁ";379;12171;3,11;59;11815;0,50;320;542,4
"BORBA";374;24461;1,53;1731;20894;8,28;-1357;-78,4
"TONANTINS";346;11653;2,97;1720;10552;16,30;-1374;-79,9
"ENVIRA";325;10870;2,99;49;12083;0,41;276;563,3
"ATALAIA DO NORTE";318;9507;3,34;260;8961;2,90;58;22,3
"JURUÁ";313;7619;4,11;332;7874;4,22;-19;-5,7
"AMATURÁ";286;7522;3,80;1183;6798;17,40;-897;-75,8
"JAPURÁ";264;5709;4,62;293;5103;5,74;-29;-9,9
"SANTA ISABEL DO RIO NEGRO";255;9378;2,72;408;8913;4,58;-153;-37,5
"MARAÃ";252;9995;2,52;341;10066;3,39;-89;-26,1
"NOVA OLINDA DO NORTE";222;19945;1,11;394;19057;2,07;-172;-43,7
"BARCELOS";135;12648;1,07;49;11790;0,42;86;175,5
TOTAL;136773;2796053;4,89;90028;2643568;3,41;46745;51,9
