Município;Votos 2026;Eleitores aptos 2026;% dos aptos 2026
"MANAUS";35159;1474745;2,38
"HUMAITÁ";2123;34906;6,08
"APUÍ";1925;11539;16,68
"LÁBREA";1755;29346;5,98
"COARI";1588;51475;3,08
"MANICORÉ";1535;33788;4,54
"MANACAPURU";1382;81115;1,70
"ITACOATIARA";1189;76067;1,56
"IRANDUBA";979;45948;2,13
"PRESIDENTE FIGUEIREDO";719;28339;2,54
"PARINTINS";695;73019;0,95
"TABATINGA";688;40225;1,71
"BOCA DO ACRE";649;23223;2,79
"RIO PRETO DA EVA";625;23243;2,69
"SÃO GABRIEL DA CACHOEIRA";544;32417;1,68
"SÃO PAULO DE OLIVENÇA";544;21421;2,54
"GUAJARÁ";420;12171;3,45
"CANUTAMA";394;10740;3,67
"TEFÉ";336;49826;0,67
"PAUINI";330;11565;2,85
"BERURI";328;15139;2,17
"IPIXUNA";292;11575;2,52
"AUTAZES";290;32340;0,90
"BOA VISTA DO RAMOS";264;13666;1,93
"CAREIRO";252;27451;0,92
"MANAQUIRI";236;15303;1,54
"SILVES";218;9656;2,26
"NOVO AIRÃO";213;13332;1,60
"MAUÉS";210;38063;0,55
"URUCARÁ";200;12646;1,58
"BORBA";193;24461;0,79
"EIRUNEPÉ";179;22838;0,78
"NOVO ARIPUANÃ";177;13280;1,33
"FONTE BOA";168;17120;0,98
"TAPAUÁ";165;14621;1,13
"JAPURÁ";160;5709;2,80
"CAREIRO DA VÁRZEA";153;18436;0,83
"CARAUARI";147;20927;0,70
"ITAPIRANGA";144;9689;1,49
"CODAJÁS";129;17092;0,75
"ANORI";123;11109;1,11
"URUCURITUBA";114;14200;0,80
"TONANTINS";110;11653;0,94
"ENVIRA";109;10870;1,00
"JUTAÍ";105;15903;0,66
"NHAMUNDÁ";98;15833;0,62
"ITAMARATI";96;7342;1,31
"JURUÁ";93;7619;1,22
"ATALAIA DO NORTE";87;9507;0,92
"BARCELOS";66;12648;0,52
"ALVARÃES";65;12444;0,52
"SANTO ANTÔNIO DO IÇÁ";64;18469;0,35
"BENJAMIN CONSTANT";56;24218;0,23
"NOVA OLINDA DO NORTE";52;19945;0,26
"MARAÃ";51;9995;0,51
"CAAPIRANGA";50;9486;0,53
"AMATURÁ";46;7522;0,61
"SANTA ISABEL DO RIO NEGRO";44;9378;0,47
"BARREIRINHA";41;22727;0,18
"SÃO SEBASTIÃO DO UATUMÃ";40;7748;0,52
"ANAMÃ";32;9177;0,35
"UARINI";32;9798;0,33
TOTAL;59271;2796053;2,12
