Zona;Candidato/Sigla;Votos;Eleitores aptos;% dos aptos;Abrangência
13;"FLAVIO POTIGUAR/AVANTE";219;140843;0,2;"Samambaia (exceto as quadras 500 e QR 317) e residenciais e condomínios da região"
16;"FLAVIO POTIGUAR/AVANTE";237;153471;0,2;"Ceilândia Norte: QNO, QNQ, QNR, CNR, Expansão do P Norte, QNP 17 e 19, EQNP 13/17 e 15/19, Setor de Indústria de Ceilândia e núcleos rurais"
8;"FLAVIO POTIGUAR/AVANTE";196;136259;0,1;"Ceilândia: Setor QNM, Setor QNN, Setor P Norte (menos QNP 17, QNP 19, EQNP 13/17 e EQNP 15/19), CNN 1, CNM 1 e CNM 2, Parque Sol Nascente (lado P Norte)"
17;"FLAVIO POTIGUAR/AVANTE";175;128113;0,1;"Gama (Setores Leste, Oeste, Sul, Norte, Industrial e Central) e zonas rurais Tamanduá, EMBRAPA, Córrego Barreiro, Ponte Alta, Engenho das Lages, Casa Grande e Cachoeirinha"
6;"FLAVIO POTIGUAR/AVANTE";155;136925;0,1;"Planaltina, Setor Tradicional, Tabatinga, Rio Preto, Pipiripau II, São José, Rajadinha, Estância Mestre D'Armas, outros bairros e núcleos rurais da região"
20;"FLAVIO POTIGUAR/AVANTE";77;79007;0,1;"Ceilândia (Setor P Sul e setores QNN)"
15;"FLAVIO POTIGUAR/AVANTE";120;168248;0,1;"Taguatinga Sul, Taguatinga Centro, Setor QNA, Arniqueira, Setor de Mansões Leste, Águas Claras"
4;"FLAVIO POTIGUAR/AVANTE";68;101524;0,1;"Santa Maria e condomínios e núcleos rurais da região"
21;"FLAVIO POTIGUAR/AVANTE";73;114106;0,1;"Recanto das Emas, Samambaia (Quadras 500 e QR 317) e Núcleo Rural Monjolo"
9;"FLAVIO POTIGUAR/AVANTE";85;134059;0,1;"Guará I, Guará II, Colônia Agrícola Águas Claras, Colônia Agrícola Bernardo Sayão, Colônia Agrícola IAPI, Quadras Econômicas Lucio Costa, SIA, Setor de Oficinas Sul, Setor de Garagens e Concessionárias de Veículos, Setor de Clubes e Estádios Esportivos Sul"
19;"FLAVIO POTIGUAR/AVANTE";69;110085;0,1;"Taguatinga Norte (exceto QNA, QNJ, QNL, EQNL, QNM 36 e 42, EQNM, SDE e Núcleo Rural de Taguatinga Norte), Colônia Agrícola Samambaia, Vicente Pires"
5;"FLAVIO POTIGUAR/AVANTE";77;132863;0,1;"Sobradinho, Fercal, Colorado, condomínios e zonas rurais da região"
3;"FLAVIO POTIGUAR/AVANTE";39;69677;0,1;"Taguatinga Norte (CNL, QNJ, QNL, EQNL, EQNM e QNM 34 a 42, Setor de Desenvolvimento Econômico e Setor de Indústrias Gráficas de Taguatinga Norte) e Núcleo Rural de Taguatinga Norte"
10;"FLAVIO POTIGUAR/AVANTE";51;123034;0,0;"Núcleo Bandeirante, Divinéia, Metropolitana, Vila Cauhy, Setor de Mansões Park Way, Núcleo Rural Vargem Bonita"
11;"FLAVIO POTIGUAR/AVANTE";24;75563;0,0;"Cruzeiro Velho, Cruzeiro Novo, Octogonal, Setor Militar Urbano – SMU, Setor Militar Complementar, Setor de Abastecimento Norte, Sudoeste e Setor de Indústrias Gráficas"
18;"FLAVIO POTIGUAR/AVANTE";29;134325;0,0;"Lago Sul, Jardim Botânico, São Sebastião, Jardins Mangueiral, condomínios e núcleos rurais da região"
2;"FLAVIO POTIGUAR/AVANTE";24;119276;0,0;"Paranoá, Itapoã, Lago Norte, Varjão, Taquari, Granja do Torto e núcleos rurais da região"
1;"FLAVIO POTIGUAR/AVANTE";15;76197;0,0;"Asa Sul, Vila Telebrasília, Setor Hoteleiro Sul, Setor de Clubes Sul, Setor Policial Sul, Setor de Múltiplas Atividades Sul e Setor de Autarquias Sul"
14;"FLAVIO POTIGUAR/AVANTE";18;110413;0,0;"Asa Norte, Vila Planalto, Setor de Oficinas Norte e Setor Noroeste"
TOTAL;;1751;;;
