Zona;Votos 2026;Eleitores aptos 2026;% dos aptos 2026;% dos votos em Manaus;Abrangência (bairros)
62;3244;149603;2,17;9,23;"Tarumã, Santa Etelvina, Redenção, Lago Azul, Planalto, Paz, Zona Rural, Tarumã Açu"
63;3084;134708;2,29;8,77;"São José Operário, Tancredo Neves, Gilberto Mestrinho"
32;3062;120436;2,54;8,71;"Compensa, São Jorge, Santo Antônio, São Raimundo, Vila da Prata, Glória"
65;2848;132592;2,15;8,10;"Nova Cidade, Colônia Terra Nova, Monte das Oliveiras, Novo Israel"
40;2837;125866;2,25;8,07;"Alvorada, Dom Pedro, Lírio do Vale, Santo Agostinho, Nova Esperança, Zona Rural, Alvorada II"
70;2835;115918;2,45;8,06;"Novo Aleixo, Cidade de Deus"
58;2723;120394;2,26;7,74;"Cidade Nova, Colônia Santo Antônio"
59;2707;108970;2,48;7,70;"Coroado, Zumbi dos Palmares, Armando Mendes, Colônia Antônio Aleixo"
68;2537;94728;2,68;7,22;"Jorge Teixeira, Puraquequara, Zona Rural"
1;2455;98932;2,48;6,98;"Centro, Cachoeirinha, Nossa Senhora das Graças, Adrianópolis, Raiz, Praça 14 de Janeiro, São Geraldo, Nossa Senhora Aparecida, Presidente Vargas"
2;2454;93413;2,63;6,98;"Parque 10 de Novembro, Flores, Aleixo, Chapada"
37;2232;96747;2,31;6,35;"Japiim, Petrópolis, São Francisco"
31;2141;82438;2,60;6,09;"Mauazinho, Educandos, Betânia, Crespo, São Lázaro, Morro da Liberdade, Colônia Oliveira Machado, Santa Luzia, Vila Buriti"
TOTAL;35159;1474745;2,38;100,00;
