municipio;nome_municipio;cargo;aptos
2003;APUÍ;6;11692
2011;NOVO AIRÃO;6;11479
2020;GUAJARÁ;6;11815
2038;ANORI;6;10812
2046;CAREIRO DA VÁRZEA;6;16762
2054;ATALAIA DO NORTE;6;8961
2070;AUTAZES;6;28953
2097;BARCELOS;6;11790
2119;BARREIRINHA;6;21076
2135;BENJAMIN CONSTANT;6;22241
2151;BOCA DO ACRE;6;23007
2178;BORBA;6;20894
2194;CANUTAMA;6;10034
2216;CARAUARI;6;21551
2232;CAREIRO;6;24216
2259;COARI;6;51518
2275;CODAJÁS;6;16463
2291;EIRUNEPÉ;6;20056
2313;ENVIRA;6;12083
2330;FONTE BOA;6;16325
2356;HUMAITÁ;6;32834
2372;SANTA ISABEL DO RIO NEGRO;6;8913
2399;IPIXUNA;6;11954
2410;ITACOATIARA;6;71092
2437;ITAPIRANGA;6;8345
2453;JAPURÁ;6;5103
2470;JURUÁ;6;7874
2496;JUTAÍ;6;14312
2518;LÁBREA;6;27122
2534;MANACAPURU;6;72661
2550;MANAUS;6;1415731
2577;MANICORÉ;6;33167
2593;MARAÃ;6;10066
2615;MAUÉS;6;36860
2631;NHAMUNDÁ;6;14308
2658;NOVA OLINDA DO NORTE;6;19057
2674;NOVO ARIPUANÃ;6;13651
2690;PARINTINS;6;72640
2712;PAUINI;6;11417
2739;SANTO ANTÔNIO DO IÇÁ;6;16278
2755;SÃO PAULO DE OLIVENÇA;6;18537
2771;SILVES;6;8334
2798;TAPAUÁ;6;14016
2810;TEFÉ;6;41720
2836;SÃO GABRIEL DA CACHOEIRA;6;31974
2852;URUCARÁ;6;12254
2879;URUCURITUBA;6;13184
2895;ALVARÃES;6;11310
2917;AMATURÁ;6;6798
2933;ANAMÃ;6;8653
2950;BERURI;6;13827
2976;BOA VISTA DO RAMOS;6;12708
2992;CAAPIRANGA;6;9622
98353;IRANDUBA;6;36529
98370;ITAMARATI;6;7351
98396;MANAQUIRI;6;14591
98418;PRESIDENTE FIGUEIREDO;6;25230
98434;RIO PRETO DA EVA;6;18139
98450;SÃO SEBASTIÃO DO UATUMÃ;6;7352
98477;TABATINGA;6;36877
98493;UARINI;6;8897
98515;TONANTINS;6;10552
2003;APUÍ;7;11692
2011;NOVO AIRÃO;7;11479
2020;GUAJARÁ;7;11815
2038;ANORI;7;10812
2046;CAREIRO DA VÁRZEA;7;16762
2054;ATALAIA DO NORTE;7;8961
2070;AUTAZES;7;28953
2097;BARCELOS;7;11790
2119;BARREIRINHA;7;21076
2135;BENJAMIN CONSTANT;7;22241
2151;BOCA DO ACRE;7;23007
2178;BORBA;7;20894
2194;CANUTAMA;7;10034
2216;CARAUARI;7;21551
2232;CAREIRO;7;24216
2259;COARI;7;51518
2275;CODAJÁS;7;16463
2291;EIRUNEPÉ;7;20056
2313;ENVIRA;7;12083
2330;FONTE BOA;7;16325
2356;HUMAITÁ;7;32834
2372;SANTA ISABEL DO RIO NEGRO;7;8913
2399;IPIXUNA;7;11954
2410;ITACOATIARA;7;71092
2437;ITAPIRANGA;7;8345
2453;JAPURÁ;7;5103
2470;JURUÁ;7;7874
2496;JUTAÍ;7;14312
2518;LÁBREA;7;27122
2534;MANACAPURU;7;72661
2550;MANAUS;7;1415731
2577;MANICORÉ;7;33167
2593;MARAÃ;7;10066
2615;MAUÉS;7;36860
2631;NHAMUNDÁ;7;14308
2658;NOVA OLINDA DO NORTE;7;19057
2674;NOVO ARIPUANÃ;7;13651
2690;PARINTINS;7;72640
2712;PAUINI;7;11417
2739;SANTO ANTÔNIO DO IÇÁ;7;16278
2755;SÃO PAULO DE OLIVENÇA;7;18537
2771;SILVES;7;8334
2798;TAPAUÁ;7;14016
2810;TEFÉ;7;41720
2836;SÃO GABRIEL DA CACHOEIRA;7;31974
2852;URUCARÁ;7;12254
2879;URUCURITUBA;7;13184
2895;ALVARÃES;7;11310
2917;AMATURÁ;7;6798
2933;ANAMÃ;7;8653
2950;BERURI;7;13827
2976;BOA VISTA DO RAMOS;7;12708
2992;CAAPIRANGA;7;9622
98353;IRANDUBA;7;36529
98370;ITAMARATI;7;7351
98396;MANAQUIRI;7;14591
98418;PRESIDENTE FIGUEIREDO;7;25230
98434;RIO PRETO DA EVA;7;18139
98450;SÃO SEBASTIÃO DO UATUMÃ;7;7352
98477;TABATINGA;7;36877
98493;UARINI;7;8897
98515;TONANTINS;7;10552
