municipio;nome_municipio;zona;bairro;eleitores;locais
2003;APUÍ;67;CENTRO;6558;3
2003;APUÍ;67;ZONA RURAL;2677;7
2003;APUÍ;67;VILA NOVA;1927;1
2003;APUÍ;67;VILA RICA;416;1
2011;NOVO AIRÃO;34;CENTRO;9267;4
2011;NOVO AIRÃO;34;MURICI;3145;1
2011;NOVO AIRÃO;34;ZONA RURAL;971;6
2020;GUAJARÁ;45;CENTRO;8303;4
2020;GUAJARÁ;45;ZONA RURAL;2376;6
2020;GUAJARÁ;45;SABORA;1426;1
2020;GUAJARÁ;45;FLORESTA;97;1
2038;ANORI;33;CENTRO;7766;2
2038;ANORI;33;SANTO ANTÔNIO;2568;1
2038;ANORI;33;ZONA RURAL;846;3
2046;CAREIRO DA VÁRZEA;31;ZONA RURAL;14308;22
2046;CAREIRO DA VÁRZEA;31;CENTRO - VILA;4154;2
2054;ATALAIA DO NORTE;42;CENTRO;7251;5
2054;ATALAIA DO NORTE;42;ZONA RURAL INDÍGENA;1899;7
2054;ATALAIA DO NORTE;42;ZONA RURAL;489;3
2070;AUTAZES;35;ZONA RURAL;11764;18
2070;AUTAZES;35;SANTA LUZIA;6527;2
2070;AUTAZES;35;WALDOMIRO SAMPAIO;3653;1
2070;AUTAZES;35;SAO JOSÉ;2937;1
2070;AUTAZES;35;OLINDA;2929;1
2070;AUTAZES;35;ZONA RURAL INDÍGENA;2776;5
2070;AUTAZES;35;ENGENHO;1858;1
2097;BARCELOS;18;CENTRO;5611;3
2097;BARCELOS;18;SÃO FRANCISCO DE ASSIS;1966;1
2097;BARCELOS;18;SÃO SEBASTIÃO;1824;1
2097;BARCELOS;18;ZONA RURAL INDÍGENA;1251;2
2097;BARCELOS;18;NAZARÉ;1162;1
2097;BARCELOS;18;ZONA RURAL;934;4
2119;BARREIRINHA;26;ZONA RURAL;9536;15
2119;BARREIRINHA;26;SANTA LUZIA;4353;1
2119;BARREIRINHA;26;ULISSES GUIMARÃES;3273;1
2119;BARREIRINHA;26;ZONA RURAL INDÍGENA;2908;3
2119;BARREIRINHA;26;SÃO JUDAS TADEU;2794;1
2135;BENJAMIN CONSTANT;20;ZONA RURAL INDÍGENA;7089;12
2135;BENJAMIN CONSTANT;20;COIMBRA;3605;2
2135;BENJAMIN CONSTANT;20;CENTRO;3194;2
2135;BENJAMIN CONSTANT;20;CIDADE NOVA;2522;1
2135;BENJAMIN CONSTANT;20;COLONIA;2166;2
2135;BENJAMIN CONSTANT;20;UMARIZAL;1704;1
2135;BENJAMIN CONSTANT;20;ZONA RURAL;1673;6
2135;BENJAMIN CONSTANT;20;COHABAM;1339;1
2135;BENJAMIN CONSTANT;20;BOM JARDIM;1068;1
2151;BOCA DO ACRE;14;PRAIA DO GADO;8151;3
2151;BOCA DO ACRE;14;CENTRO;6520;4
2151;BOCA DO ACRE;14;PLATÔ DO PIQUIÁ;5818;2
2151;BOCA DO ACRE;14;MACAXEIRAL;1146;1
2151;BOCA DO ACRE;14;ZONA RURAL;883;2
2151;BOCA DO ACRE;14;SÃO PAULO;741;1
2178;BORBA;15;CRISTO REI;5300;3
2178;BORBA;15;ZONA RURAL;4850;5
2178;BORBA;15;CENTRO;4095;2
2178;BORBA;15;SÃO SEBASTIÃO;2419;2
2178;BORBA;15;RECREIO;2381;1
2178;BORBA;15;IPIRANGA;2376;1
2178;BORBA;15;BELA VISTA;1825;1
2178;BORBA;15;ZONA RURAL INDÍGENA;1341;2
2194;CANUTAMA;13;SÃO FRANCISCO;5211;2
2194;CANUTAMA;13;ZONA RURAL;3571;8
2194;CANUTAMA;13;CENTRO;1950;1
2194;CANUTAMA;13;ZONA RURAL INDÍGENA;68;1
2216;CARAUARI;21;NOVA REPÚBLICA;5998;5
2216;CARAUARI;21;SAMUEL AMARAL;3443;2
2216;CARAUARI;21;ZONA RURAL;2638;11
2216;CARAUARI;21;CENTRO;2615;2
2216;CARAUARI;21;CONJUNTO EDUARDO BRAGA;2548;1
2216;CARAUARI;21;NOSSA SENHORA DE FÁTIMA;2375;2
2216;CARAUARI;21;LUZ;1046;1
2216;CARAUARI;21;IGARAPÉ DA ROÇA;404;1
2232;CAREIRO;23;ZONA RURAL;15265;26
2232;CAREIRO;23;SEBASTIÃO BORGES;4116;1
2232;CAREIRO;23;CENTRO;4056;2
2232;CAREIRO;23;NOVO HORIZONTE;2379;1
2232;CAREIRO;23;VISTA ALEGRE;1734;1
2259;COARI;8;ZONA RURAL;8976;21
2259;COARI;8;ITAMARATI;7846;3
2259;COARI;8;UNIÃO;7456;3
2259;COARI;8;CENTRO;5684;3
2259;COARI;8;ESPÍRITO SANTO;5092;3
2259;COARI;8;CHAGAS AGUIAR;3233;2
2259;COARI;8;DUQUE DE CAXIAS;2987;2
2259;COARI;8;PERA;2464;1
2259;COARI;8;TAUA MIRIM;2414;1
2259;COARI;8;RIO URUCU;2175;1
2259;COARI;8;SANTA HELENA;1761;1
2259;COARI;8;SANTA EFIGÊNIA;1576;1
2259;COARI;8;ZONA RURAL INDÍGENA;306;1
2275;CODAJÁS;7;CENTRO;5992;3
2275;CODAJÁS;7;LAGUINHO;4894;2
2275;CODAJÁS;7;COLÔNIA MAJOR THURY;3139;2
2275;CODAJÁS;7;ZONA RURAL;2487;10
2275;CODAJÁS;7;NOVA CONQUISTA;387;1
2275;CODAJÁS;7;BELA VISTA;321;1
2291;EIRUNEPÉ;11;CENTRO;8248;2
2291;EIRUNEPÉ;11;NOSSA SRA DE FÁTIMA;7327;4
2291;EIRUNEPÉ;11;SANTO ANTÔNIO;3572;1
2291;EIRUNEPÉ;11;SÃO JOSÉ;2474;2
2291;EIRUNEPÉ;11;NOSSA SRA DE APARECIDA;1356;2
2313;ENVIRA;46;NOVA ESPERANÇA;4191;2
2313;ENVIRA;46;CENTRO;2987;1
2313;ENVIRA;46;SANTA RITA;2270;1
2313;ENVIRA;46;SÃO FRANCISCO;1477;1
2330;FONTE BOA;10;CENTRO;6122;3
2330;FONTE BOA;10;CIDADE NOVA;4737;3
2330;FONTE BOA;10;SÃO FRANCISCO II;2829;1
2330;FONTE BOA;10;PAI SABÁ;2640;1
2330;FONTE BOA;10;ZONA RURAL;841;6
2330;FONTE BOA;10;ZONA RURAL INDÍGENA;230;2
2356;HUMAITÁ;17;ZONA RURAL;6153;13
2356;HUMAITÁ;17;CENTRO;3406;2
2356;HUMAITÁ;17;SANTO ANTÔNIO;3230;2
2356;HUMAITÁ;17;SÃO CRISTÓVÃO;3146;1
2356;HUMAITÁ;17;SAO DOMINGOS SÁVIO;2824;1
2356;HUMAITÁ;17;SÃO JOSE;2731;1
2356;HUMAITÁ;17;NOVA HUMAITÁ;2677;1
2356;HUMAITÁ;17;NOVO CENTENÁRIO;2440;1
2356;HUMAITÁ;17;NOSSA SENHORA DO CARMO;2089;1
2356;HUMAITÁ;17;SÃO PEDRO;1821;1
2356;HUMAITÁ;17;SÃO SEBASTIÃO;1478;1
2356;HUMAITÁ;17;SÃO FRANCISCO;1338;1
2356;HUMAITÁ;17;DIVINO PRANTO;1326;1
2356;HUMAITÁ;17;ZONA RURAL INDÍGENA;306;1
2372;SANTA ISABEL DO RIO NEGRO;30;CENTRO;7296;2
2372;SANTA ISABEL DO RIO NEGRO;30;ZONA RURAL INDÍGENA;1503;3
2372;SANTA ISABEL DO RIO NEGRO;30;SÃO JUDAS TADEU;635;1
2399;IPIXUNA;45;CENTRO;8896;4
2399;IPIXUNA;45;ZONA RURAL;2048;5
2399;IPIXUNA;45;ZONA RURAL INDÍGENA;668;1
2410;ITACOATIARA;3;ZONA RURAL;25471;58
2410;ITACOATIARA;3;CENTRO;13750;6
2410;ITACOATIARA;3;SÃO CRISTÓVÃO;6533;2
2410;ITACOATIARA;3;COLÔNIA;5271;3
2410;ITACOATIARA;3;SANTO ANTÔNIO;4618;2
2410;ITACOATIARA;3;SÃO JORGE;4476;2
2410;ITACOATIARA;3;SÃO FRANCISCO;3576;3
2410;ITACOATIARA;3;JAUARI;3423;1
2410;ITACOATIARA;3;ARAÚJO COSTA;3197;1
2410;ITACOATIARA;3;TIRADENTES;2140;1
2410;ITACOATIARA;3;MAMOUD AMED;1598;1
2410;ITACOATIARA;3;PEDREIRAS;1352;1
2410;ITACOATIARA;3;IRACI;937;1
2437;ITAPIRANGA;24;CENTRO;4455;2
2437;ITAPIRANGA;24;JARDIM PRIMAVERA;2666;1
2437;ITAPIRANGA;24;GILBERTO MESTRINHO;1436;1
2437;ITAPIRANGA;24;TERRA NOVA;670;2
2437;ITAPIRANGA;24;ZONA RURAL;506;5
2453;JAPURÁ;48;CENTRO;4473;1
2453;JAPURÁ;48;ZONA RURAL;859;3
2453;JAPURÁ;48;ZONA RURAL INDÍGENA;479;2
2470;JURUÁ;50;TANCREDO NEVES;4619;2
2470;JURUÁ;50;CENTRO;1707;3
2470;JURUÁ;50;ZONA RURAL;1400;6
2496;JUTAÍ;41;SANTO ANTÔNIO;5362;3
2496;JUTAÍ;41;CENTRO;3141;2
2496;JUTAÍ;41;SÃO JOSÉ;3089;2
2496;JUTAÍ;41;SÃO PEDRO;2358;1
2496;JUTAÍ;41;SÃO FRANCISCO;1677;1
2496;JUTAÍ;41;ZONA RURAL;442;2
2518;LÁBREA;12;CENTRO;9149;4
2518;LÁBREA;12;ZONA RURAL;4969;18
2518;LÁBREA;12;BARRA LIMPA;4862;1
2518;LÁBREA;12;BAIRRO DA FONTE;3843;1
2518;LÁBREA;12;VILA FALCAO;2696;1
2518;LÁBREA;12;FÁTIMA;2530;1
2518;LÁBREA;12;PANTANAL;1345;1
2534;MANACAPURU;6;ZONA RURAL;15594;34
2534;MANACAPURU;6;CENTRO;14679;6
2534;MANACAPURU;6;LIBERDADE;11888;5
2534;MANACAPURU;6;TERRA PRETA;11092;3
2534;MANACAPURU;6;SÃO JOSÉ;7123;3
2534;MANACAPURU;6;BIRIBIRI;4761;2
2534;MANACAPURU;6;SÃO FRANCISCO;3537;2
2534;MANACAPURU;6;NOVO MANACÁ;2786;1
2534;MANACAPURU;6;APARECIDA;2779;2
2534;MANACAPURU;6;CORRENTEZA;2564;1
2534;MANACAPURU;6;MORADA DO SOL;2137;1
2534;MANACAPURU;6;UNIÃO;1590;1
2534;MANACAPURU;6;ATALIBA;720;1
2550;MANAUS;1;CENTRO;30419;11
2550;MANAUS;1;CACHOEIRINHA;15495;4
2550;MANAUS;1;NOSSA SENHORA DAS GRAÇAS;11775;6
2550;MANAUS;1;ADRIANÓPOLIS;9884;4
2550;MANAUS;1;RAIZ;9084;3
2550;MANAUS;1;PRAÇA 14 DE JANEIRO;8156;4
2550;MANAUS;1;SÃO GERALDO;5354;2
2550;MANAUS;1;NOSSA SENHORA APARECIDA;4846;3
2550;MANAUS;1;PRESIDENTE VARGAS;3811;2
2550;MANAUS;2;PARQUE 10 DE NOVEMBRO;40027;8
2550;MANAUS;2;FLORES;28464;5
2550;MANAUS;2;ALEIXO;19450;6
2550;MANAUS;2;CHAPADA;5837;1
2550;MANAUS;31;MAUAZINHO;17058;6
2550;MANAUS;31;EDUCANDOS;16144;6
2550;MANAUS;31;BETÂNIA;10455;5
2550;MANAUS;31;CRESPO;10080;6
2550;MANAUS;31;SÃO LÁZARO;9361;3
2550;MANAUS;31;MORRO DA LIBERDADE;8269;5
2550;MANAUS;31;COLÔNIA OLIVEIRA MACHADO;5509;3
2550;MANAUS;31;SANTA LUZIA;4722;3
2550;MANAUS;31;VILA BURITI;684;1
2550;MANAUS;32;COMPENSA;60014;20
2550;MANAUS;32;SÃO JORGE;19407;7
2550;MANAUS;32;SANTO ANTÔNIO;16579;7
2550;MANAUS;32;SÃO RAIMUNDO;9118;3
2550;MANAUS;32;VILA DA PRATA;8821;3
2550;MANAUS;32;GLÓRIA;6448;3
2550;MANAUS;37;JAPIIM;44233;16
2550;MANAUS;37;PETRÓPOLIS;38085;14
2550;MANAUS;37;SÃO FRANCISCO;14327;8
2550;MANAUS;40;ALVORADA;50667;12
2550;MANAUS;40;DOM PEDRO;24604;5
2550;MANAUS;40;LÍRIO DO VALE;17945;4
2550;MANAUS;40;SANTO AGOSTINHO;15008;4
2550;MANAUS;40;NOVA ESPERANÇA;11201;3
2550;MANAUS;40;ZONA RURAL;3721;9
2550;MANAUS;40;ALVORADA II;2590;1
2550;MANAUS;58;CIDADE NOVA;116651;28
2550;MANAUS;58;COLÔNIA SANTO ANTÔNIO;3547;1
2550;MANAUS;59;COROADO;43317;13
2550;MANAUS;59;ZUMBI DOS PALMARES;30312;8
2550;MANAUS;59;ARMANDO MENDES;21288;7
2550;MANAUS;59;COLÔNIA ANTÔNIO ALEIXO;13747;5
2550;MANAUS;62;TARUMÃ;33923;9
2550;MANAUS;62;SANTA ETELVINA;29816;6
2550;MANAUS;62;REDENÇÃO;26204;7
2550;MANAUS;62;LAGO AZUL;17489;3
2550;MANAUS;62;PLANALTO;15524;3
2550;MANAUS;62;PAZ;11880;3
2550;MANAUS;62;ZONA RURAL;7016;7
2550;MANAUS;62;TARUMÃ AÇU;6879;2
2550;MANAUS;63;SÃO JOSÉ OPERÁRIO;64709;22
2550;MANAUS;63;TANCREDO NEVES;38747;15
2550;MANAUS;63;GILBERTO MESTRINHO;31202;12
2550;MANAUS;65;NOVA CIDADE;55510;12
2550;MANAUS;65;COLÔNIA TERRA NOVA;31540;12
2550;MANAUS;65;MONTE DAS OLIVEIRAS;25685;7
2550;MANAUS;65;NOVO ISRAEL;19394;7
2550;MANAUS;68;JORGE TEIXEIRA;85526;24
2550;MANAUS;68;PURAQUEQUARA;5912;4
2550;MANAUS;68;ZONA RURAL;3230;10
2550;MANAUS;70;NOVO ALEIXO;75233;24
2550;MANAUS;70;CIDADE DE DEUS;40205;17
2577;MANICORÉ;16;ZONA RURAL;15277;28
2577;MANICORÉ;16;CENTRO;7021;3
2577;MANICORÉ;16;MAZZARELLO;5027;3
2577;MANICORÉ;16;NOSSA SENHORA DO ROSÁRIO;1966;1
2577;MANICORÉ;16;MANICOREZINHO;1577;1
2577;MANICORÉ;16;SÃO DOMINGOS SÁVIO;1338;1
2577;MANICORÉ;16;SÃO SEBASTIÃO;761;1
2577;MANICORÉ;16;SANTA LUZIA;669;1
2577;MANICORÉ;16;ZONA RURAL INDÍGENA;245;1
2593;MARAÃ;49;CENTRO;3055;1
2593;MARAÃ;49;BAIRRO DALILA MACIEL;2634;1
2593;MARAÃ;49;BENEDITO RAMOS;2243;1
2593;MARAÃ;49;ZONA RURAL;1910;4
2593;MARAÃ;49;ZONA RURAL INDÍGENA;265;2
2615;MAUÉS;5;CENTRO;10367;8
2615;MAUÉS;5;ZONA RURAL;7576;10
2615;MAUÉS;5;SANTA LUZIA;7268;5
2615;MAUÉS;5;RAMALHO JÚNIOR;5494;3
2615;MAUÉS;5;MIRANTE DO ÉDEN;3307;1
2615;MAUÉS;5;ZONA RURAL INDÍGENA;2967;3
2615;MAUÉS;5;NOVO BAIRRO;1373;1
2631;NHAMUNDÁ;43;SANTO ANTÔNIO;6518;2
2631;NHAMUNDÁ;43;CENTRO;5376;2
2631;NHAMUNDÁ;43;ZONA RURAL;3588;8
2631;NHAMUNDÁ;43;ZONA RURAL INDÍGENA;628;2
2658;NOVA OLINDA DO NORTE;35;NOSSA SENHORA DE FÁTIMA;6303;2
2658;NOVA OLINDA DO NORTE;35;ZONA RURAL;3486;8
2658;NOVA OLINDA DO NORTE;35;CHICOLÂNDIA;3010;1
2658;NOVA OLINDA DO NORTE;35;SANTA LUZIA;2614;1
2658;NOVA OLINDA DO NORTE;35;CENTRO;2402;1
2658;NOVA OLINDA DO NORTE;35;VALE DO SOL;1972;1
2658;NOVA OLINDA DO NORTE;35;ZONA RURAL INDÍGENA;232;2
2674;NOVO ARIPUANÃ;29;CENTRO;6545;3
2674;NOVO ARIPUANÃ;29;TUCUMÃ;3939;1
2674;NOVO ARIPUANÃ;29;GERALDO COLARES;1712;1
2674;NOVO ARIPUANÃ;29;ZONA RURAL;1142;5
2674;NOVO ARIPUANÃ;29;BOLÍVIA;20;1
2690;PARINTINS;4;ZONA RURAL;21570;39
2690;PARINTINS;4;CENTRO;12739;8
2690;PARINTINS;4;PAULO CORREA;6760;2
2690;PARINTINS;4;SÃO VICENTE;4199;1
2690;PARINTINS;4;DEJARD VIEIRA;3960;3
2690;PARINTINS;4;ITAUNA II;3958;2
2690;PARINTINS;4;ITAGUATINGA;3420;2
2690;PARINTINS;4;EMÍLIO MOREIRA;2822;1
2690;PARINTINS;4;ITAUNA;2231;1
2690;PARINTINS;4;NAZARÉ;2148;1
2690;PARINTINS;4;SÃO BENEDITO;2119;2
2690;PARINTINS;4;SANTA RITA DE CASSIA;1979;1
2690;PARINTINS;4;SANTA CLARA;1500;1
2690;PARINTINS;4;PALMARES;1294;1
2690;PARINTINS;4;FRANCESA;1195;1
2690;PARINTINS;4;RAIMUNDO MUNIZ;1186;1
2690;PARINTINS;4;ZONA RURAL INDÍGENA;381;1
2712;PAUINI;44;PANTANAL;3250;1
2712;PAUINI;44;CIDADE ALTA;3146;1
2712;PAUINI;44;CIDADE BAIXA;2323;1
2712;PAUINI;44;ZONA RURAL;1512;6
2712;PAUINI;44;SÃO FRANCISCO;1356;1
2739;SANTO ANTÔNIO DO IÇÁ;47;CENTRO;5165;3
2739;SANTO ANTÔNIO DO IÇÁ;47;ZONA RURAL INDÍGENA;4659;5
2739;SANTO ANTÔNIO DO IÇÁ;47;ZONA RURAL;3161;4
2739;SANTO ANTÔNIO DO IÇÁ;47;SANTA ETELVINA;1592;1
2739;SANTO ANTÔNIO DO IÇÁ;47;TARACUÁ;1567;1
2739;SANTO ANTÔNIO DO IÇÁ;47;ÁLVARO MAIA;1541;1
2739;SANTO ANTÔNIO DO IÇÁ;47;INDEPENDÊNCIA;950;1
2755;SÃO PAULO DE OLIVENÇA;22;ZONA RURAL INDÍGENA;7220;10
2755;SÃO PAULO DE OLIVENÇA;22;BONFIM;5942;2
2755;SÃO PAULO DE OLIVENÇA;22;CAMPINAS;4934;2
2755;SÃO PAULO DE OLIVENÇA;22;ZONA RURAL;2218;3
2755;SÃO PAULO DE OLIVENÇA;22;COLONIA SAO SEBASTIAO;1212;1
2771;SILVES;24;PANORAMA;5476;2
2771;SILVES;24;ZONA RURAL;3834;11
2771;SILVES;24;MUCAJATUBA;377;1
2798;TAPAUÁ;38;CENTRO;4727;3
2798;TAPAUÁ;38;AÇAÍ;4543;2
2798;TAPAUÁ;38;ZONA RURAL;1782;3
2798;TAPAUÁ;38;RIO PURUS;1480;1
2798;TAPAUÁ;38;SÃO JOÃO;1180;1
2798;TAPAUÁ;38;MANOEL COSTA;1045;1
2810;TEFÉ;9;CENTRO;9227;4
2810;TEFÉ;9;SÃO FRANCISCO;6098;2
2810;TEFÉ;9;JURUÁ;5973;3
2810;TEFÉ;9;ABIAL;5911;3
2810;TEFÉ;9;JERUSALÉM;5459;2
2810;TEFÉ;9;ZONA RURAL;3398;4
2810;TEFÉ;9;SANTO ANTÔNIO;3169;1
2810;TEFÉ;9;MUTIRÃO;2815;1
2810;TEFÉ;9;MONTE CASTELO;2452;1
2810;TEFÉ;9;SÃO JOÃO;2193;1
2810;TEFÉ;9;SANTA LUZIA;1978;1
2810;TEFÉ;9;FONTE BOA;1770;1
2836;SÃO GABRIEL DA CACHOEIRA;19;ZONA RURAL INDÍGENA;13786;30
2836;SÃO GABRIEL DA CACHOEIRA;19;DABARU;5029;2
2836;SÃO GABRIEL DA CACHOEIRA;19;CENTRO;4621;1
2836;SÃO GABRIEL DA CACHOEIRA;19;CACHOEIRINHA;4063;1
2836;SÃO GABRIEL DA CACHOEIRA;19;CONJUNTO RESIDENCIAL MIGUEL QUIRINO;2900;1
2836;SÃO GABRIEL DA CACHOEIRA;19;FORTALEZA;2167;1
2852;URUCARÁ;27;SANTA LUZIA;3689;1
2852;URUCARÁ;27;APARECIDA;2566;2
2852;URUCARÁ;27;SAO JOSÉ;2238;1
2852;URUCARÁ;27;SÃO JORGE;2199;2
2852;URUCARÁ;27;ZONA RURAL;1279;4
2852;URUCARÁ;27;CASTANHAL;782;1
2879;URUCURITUBA;3;CENTRO;8770;2
2879;URUCURITUBA;3;ZONA RURAL;3597;10
2879;URUCURITUBA;3;LIBERDADE;1286;1
2879;URUCURITUBA;3;LIVRAMENTO;647;1
2895;ALVARÃES;60;CENTRO;7209;5
2895;ALVARÃES;60;SANTA LUZIA;2802;1
2895;ALVARÃES;60;ZONA RURAL;2551;2
2917;AMATURÁ;22;ZONA RURAL INDÍGENA;2890;5
2917;AMATURÁ;22;CENTRO;2240;2
2917;AMATURÁ;22;SAO FRANCISCO;1740;1
2917;AMATURÁ;22;BOA ESPERANÇA;694;1
2933;ANAMÃ;6;CENTRO;9276;4
2950;BERURI;54;SÃO PEDRO;4733;1
2950;BERURI;54;ZONA RURAL;3595;8
2950;BERURI;54;CENTRO;3543;2
2950;BERURI;54;SANTO ANTONIO;1831;1
2950;BERURI;54;RIBEIRINHO;1485;1
2976;BOA VISTA DO RAMOS;5;CENTRO;4898;2
2976;BOA VISTA DO RAMOS;5;ESPERANÇA;4815;1
2976;BOA VISTA DO RAMOS;5;ZONA RURAL;4106;10
2992;CAAPIRANGA;6;SANTA LUZIA;3877;2
2992;CAAPIRANGA;6;ZONA RURAL;3480;2
2992;CAAPIRANGA;6;CENTRO;2203;1
98353;IRANDUBA;56;ZONA RURAL;18617;28
98353;IRANDUBA;56;CACAU PIRERA;9006;5
98353;IRANDUBA;56;CENTRO;5574;3
98353;IRANDUBA;56;ALTO;4809;2
98353;IRANDUBA;56;NOVO AMANHECER;3337;2
98353;IRANDUBA;56;CIDADE NOVA-SEDE;2007;1
98353;IRANDUBA;56;MORADA DO SOL;1775;1
98353;IRANDUBA;56;ALTO DE NAZARÉ - CACAU PIRERA;677;1
98353;IRANDUBA;56;SÃO JOSÉ - CACAU PIRERA;254;1
98370;ITAMARATI;69;CENTRO;6530;6
98370;ITAMARATI;69;ZONA RURAL INDÍGENA;570;1
98370;ITAMARATI;69;ZONA RURAL;363;2
98396;MANAQUIRI;23;CONJUNTO NOVO;5325;2
98396;MANAQUIRI;23;ZONA RURAL;5322;15
98396;MANAQUIRI;23;CENTRO;3599;2
98396;MANAQUIRI;23;AJURICABA;1148;1
98418;PRESIDENTE FIGUEIREDO;51;ZONA RURAL;9166;5
98418;PRESIDENTE FIGUEIREDO;51;HONÓRIO ROLDÃO;4617;2
98418;PRESIDENTE FIGUEIREDO;51;GALO DA SERRA;4074;2
98418;PRESIDENTE FIGUEIREDO;51;TANCREDO NEVES;2981;1
98418;PRESIDENTE FIGUEIREDO;51;CENTRO;2780;1
98418;PRESIDENTE FIGUEIREDO;51;GALO DA SERRA 2;2599;1
98418;PRESIDENTE FIGUEIREDO;51;AIDA MENDONÇA;2239;1
98434;RIO PRETO DA EVA;68;CENTRO;9973;3
98434;RIO PRETO DA EVA;68;ZONA RURAL;5866;5
98434;RIO PRETO DA EVA;68;BAIRRO DA PAZ;2672;1
98434;RIO PRETO DA EVA;68;PARQUE DOS COQUEIROS;2577;1
98434;RIO PRETO DA EVA;68;SEGUNDA ETAPA;2044;1
98434;RIO PRETO DA EVA;68;MONTE CASTELO II;188;1
98450;SÃO SEBASTIÃO DO UATUMÃ;27;BAIRRO DA PAZ;2695;2
98450;SÃO SEBASTIÃO DO UATUMÃ;27;CENTRO;2498;2
98450;SÃO SEBASTIÃO DO UATUMÃ;27;SANTÍSSIMA TRINDADE;1444;1
98450;SÃO SEBASTIÃO DO UATUMÃ;27;ZONA RURAL;765;1
98450;SÃO SEBASTIÃO DO UATUMÃ;27;SÃO FRANCISCO;396;1
98477;TABATINGA;36;CENTRO;13582;5
98477;TABATINGA;36;ZONA RURAL INDÍGENA;10394;12
98477;TABATINGA;36;VILA MILITAR;3490;1
98477;TABATINGA;36;RUI BARBOSA;2546;1
98477;TABATINGA;36;VILA PARAÍSO;2354;1
98477;TABATINGA;36;VILA VERDE;2004;1
98477;TABATINGA;36;SANTA ROSA;1762;2
98477;TABATINGA;36;TANCREDO NEVES;1634;1
98477;TABATINGA;36;ZONA RURAL;1595;3
98477;TABATINGA;36;COMARA;1029;1
98493;UARINI;60;CENTRO;8796;6
98493;UARINI;60;VERDE;1099;1
98515;TONANTINS;47;CENTRO;5650;3
98515;TONANTINS;47;ZONA RURAL;4227;4
98515;TONANTINS;47;SANTO ANTÔNIO;1935;1
