bairro;zona_administrativa
CIDADE DE DEUS;Norte
CIDADE NOVA;Norte
COLÔNIA SANTO ANTÔNIO;Norte
COLÔNIA TERRA NOVA;Norte
LAGO AZUL;Norte
MONTE DAS OLIVEIRAS;Norte
NOVA CIDADE;Norte
NOVO ALEIXO;Norte
NOVO ISRAEL;Norte
SANTA ETELVINA;Norte
BETÂNIA;Sul
CACHOEIRINHA;Sul
CENTRO;Sul
COLÔNIA OLIVEIRA MACHADO;Sul
CRESPO;Sul
EDUCANDOS;Sul
JAPIIM;Sul
MORRO DA LIBERDADE;Sul
NOSSA SENHORA APARECIDA;Sul
PETRÓPOLIS;Sul
PRAÇA 14 DE JANEIRO;Sul
PRESIDENTE VARGAS;Sul
RAIZ;Sul
SÃO FRANCISCO;Sul
SÃO LÁZARO;Sul
SANTA LUZIA;Sul
VILA BURITI;Sul
DISTRITO INDUSTRIAL I;Sul
ADRIANÓPOLIS;Centro-Sul
ALEIXO;Centro-Sul
CHAPADA;Centro-Sul
COLÔNIA JAPONESA;Centro-Sul
FLORES;Centro-Sul
NOSSA SENHORA DAS GRAÇAS;Centro-Sul
PARQUE 10 DE NOVEMBRO;Centro-Sul
SÃO GERALDO;Centro-Sul
ARMANDO MENDES;Leste
COLÔNIA ANTÔNIO ALEIXO;Leste
COROADO;Leste
DISTRITO INDUSTRIAL II;Leste
GILBERTO MESTRINHO;Leste
JORGE TEIXEIRA;Leste
MAUAZINHO;Leste
PURAQUEQUARA;Leste
SÃO JOSÉ OPERÁRIO;Leste
TANCREDO NEVES;Leste
ZUMBI DOS PALMARES;Leste
COMPENSA;Oeste
GLÓRIA;Oeste
LÍRIO DO VALE;Oeste
NOVA ESPERANÇA;Oeste
PONTA NEGRA;Oeste
SANTO AGOSTINHO;Oeste
SANTO ANTÔNIO;Oeste
SÃO JORGE;Oeste
SÃO RAIMUNDO;Oeste
TARUMÃ;Oeste
TARUMÃ AÇU;Oeste
TARUMÃ-AÇU;Oeste
VILA DA PRATA;Oeste
ALVORADA;Centro-Oeste
ALVORADA I;Centro-Oeste
ALVORADA II;Centro-Oeste
DA PAZ;Centro-Oeste
PAZ;Centro-Oeste
DOM PEDRO;Centro-Oeste
PLANALTO;Centro-Oeste
REDENÇÃO;Centro-Oeste
ZONA RURAL;Rural
